ID,NAME,PROCESSED_NAME
27591,TRADINGLIMITEDGENERALALCARDINAL,al cardinal general limited trading
46040,ROSKAPSTROYWATERLIABILITYLIMITEDCLEANCOMPANY,clean company kap liability limited ros s troy water
11246,AMERICANDESATUNECVUP,american cv desa tune up
25078,JorgeGOMEZRODRIGUEZJesus,gomez jesus jorge rodriguez
47475,CLOSEDSTOCKJOINTSERVICESSPECIALCOMPANYTRANSPORTATION,closed company joint services special stock transportation
45971,COMPANYLIABILITYLIMITEDPRIMELEX,company lex liability limited prime
49268,RUSMEDTORGOBSHCHESTVOOGRANICHENNOIOTVETSTVENNOSTYUS,chen et gob gran i med noi nos oo otv rus shche st stv tor tyus ven
42942,NIGHTSBEIJINGSHINYCOTECHNOLOGYLTDDEVELOPMENT,beijing co development ltd nights shiny technology
47847,GEOPROMAININGLIABILITYMENKECHELIMITEDVERKHNECOMPANY,che company geo ing kh liability limited main menke ne pro ver
16990,CPCLSINVERSIONESYCIAENCS,c cia enc in pcl s s sy versione
10596,GENERALTRADINGFMFLLC,f fm general llc trading
7858,JalilTahirHabbushALTIKRITI,al bush hab jalil tahir tikriti
35012,LIMITEDCOMPANYNERODRINKS,company drinks limited nero
44038,COMPANYMACHINESTOCKOPENBUILDINGPLANTJOINTARSENAL,arsenal building company joint machine open plant stock
49341,LIMITEDTAKIMLARVESANAYITICARETMINYONKESICIMAKINESIRKETI,an ayiti caret e i ici kes ket lar limited m makin minyo n sir taki ves
48710,TRANSGULFLLCAGENCY,agency gulf llc trans
41277,DEVICESTRADINGHULMELECTRICSAHRAAL,a al devices electrics h hra trading ulm
46522,JOINTCOMPANYINSTITUTEELPASTOCKPILOTLINERESEARCHAND,and company el institute joint line pa pilot research stock
46923,BHDARTASDNWAVE,as bh dart dn wave
52127,ORENBURGLIMITEDLIABILITYCOMPANYGAZPROMNEFT,company ft gazprom liability limited ne orenburg
10622,SANCHEZHectorBELTRANManuel,an beltr hector manuel sanchez
47294,COMPANYLIMITEDLIABILITYEXIMALABUGA,a bug company e la liability limited xima
8192,ALTIKRITISaddamRaghadHussein,al hussein raghad saddam tikriti
49794,SUMINISTROSDECVOCEANOSSACOMBUSTIBLES,a combustibles dec in is nossa sum tros voce
21387,TURABAbuAliMuhammad,ali babu muhammad tura
42097,MANAGEMENTMETALLOINVESTLLCCOMPANY,company invest llc lo management metal
44459,FURAHAPVTCONSTRUCTIONLTD,a construction fur hap ltd vt
47746,ISKRASTOCKMECHANICALPLANTCOMPANYJOINTNOVOSIBIRSK,company iskra joint mechanical novosibirsk plant stock
48027,TSENTRCOMPANYLIMITEDLIABILITYINZHENERNOTEKHNOLOGICHESKIATM,atm company er he in kh liability limited logic no note ski tr tsen zhen
50811,KOMPANIYAOBSHCHESTVOAKTSIONERNOESTALEPROMYSHLENNAYA,b es hlen kom my naya oak one pani pro rno s shche stv tale tsi yao
50243,COMPANYSTOCKJOINTOPENROGACHEVSKYDIAPROEKTORZAVOD,company d dia ek gache joint open pro ro rza sky stock to v vo
49214,AFTERRESEARCHNAMEDPRODUCTIONPOPOVASSOCIATIONANDAS,after and as association named ov pop production research
29118,SHENLIMITEDCOYANGJINGIMPEXPMACHINERYCHENG,cheng co exp gimp in j limited machinery shen yang
52221,LIABILITYSISTEMALIMITEDITKCOMPANY,company it k liability limited sistema
51206,WAREHOUSEFORESSLIMITEDLIABILITYCOMPANY,company ess for liability limited warehouse
45741,SIRKETITASIMACILIKLIMITEDVEDISKUZEYLOGISTICSIHRACATTICARETITHALAT,ac are as at attic disk ey ihr ili imac it k ket limited logistics sir thal ti uz ve
31751,ALEJOSAdolfoCAMBARAGustavo,adolfo ale bara cam gustavo jos
51768,STOCKCREDITCOMPANYJOINTBANKROYAL,bank company credit joint royal stock
30105,COMPANYLIMITEDSUPREMESHIPPING,company limited shipping supreme
9401,SACHIHUAHUADECVFOODS,a chihuahua dec foods s v
10634,JuanCarlosOLIVASOJEDA,as carlos juan ojeda oliv
17228,COMPANYLOGISTICSASIANAVIATIONLIMITED,asian aviation company limited logistics
23604,DRUGRINCONCASTILLOORGANIZATIONTRAFFICKING,castillo drug on organization rinc trafficking
49311,HIGHRUSSIANACADEMYELECTRONICSBRANCHCURRENTSIBERIANINSTITUTEOFSCIENCESOF,academy branch current electronics high institute of of russian sciences siberian
48507,VSRAMECCOMPANYJOINTSTOCK,company ec joint ram stock vs
24786,QassimAliAHMEDAbdullah,abdullah ahmed ali qassim
50723,PALESTINESEILDIBENEFICASOLIDARIETAASSOCIAZIONECONPOPOLO,a a associazione bene con fic ldi palestine popolo rie sei solid ta
48441,CENTERCOMPLEXUNMANNEDLTDSOLUTIONS,center complex ltd solutions unmanned
19174,INMOBILIARIAJCORPM,aria corp i in j m mobil
50003,LEPTONASSOCIATIONRESEARCHPRODUCTIONAND,and association lepton production research
51297,LIMITEDSHREYASCIENCESPRIVATELIFE,a life limited private rey sciences sh
28047,TRYGRANDCOPHEAPLTDCAMBODIAROYAL,cambodia cop grand heap ltd royal try
25958,TAKHTEHHONARBASHAHID,a arb eh hon shahid takht
36676,OOOZOLOTOIKOMPANIYAVEK,kom lot oi ooo pani vek ya zo
46034,ABZLLCRASTBELYI,a be bz llc lyi ra st
47956,COMPANYLIMITEDAURUSLIABILITY,a company liability limited urus
15342,YCATERINGDESACVRENTASSOCIALIKA,acv associa catering des lika rent y
52250,SHIPPINGCOHONGKONGYAQINGLIMITED,co hongkong limited qing shipping ya
16476,DARNAHANSARINALSHARIA,a arina darn hans l sharia
24563,SHORESALESCORTSERVICESOFFCAR,al car escort off services shores
27467,COPETROLEUMCHINALIMITEDCONCORD,china co concord limited petroleum
40571,REMONTNYYAKTSIONERNOYETSENTROBSHCHESTVOSEVEROVOSTOCHNYY,ever mont n ny one ovo re rno rob sent shche st stoch tsi vos yak yet yy
8332,NazarJumahALQASIRAli,ali azar ju mahal n qa sir
23308,RobertoRIVASREYESJose,jose reyes rivas roberto
52582,SOEDINENIISTOCKCOMPANYZAVODJOINTNOVOTROITSKIIHROMOVYH,company d ed h h ii inen its joint kii novo romo so stock tro vo vy za
46515,FEDERALSTATEENTERPRISEKAMENSKYCOMBINE,combine enterprise federal kamen sky state
52176,OBSHCHESTVOOTVETSTVENNOSTYUOGRANICHENNOIMTVS,chen et mtvs noi nost ob og otv rani shche st st ven vo yu
43441,SUITESLIMITEDLILYCOMPANY,company lily limited suites
9485,ALISLAMBULIMuhammadAhmadShawqi,ahmad al is lamb muhammad qi shaw uli
49309,KTSTOCKCOMPANYJOINTSITRONICS,company i joints kt s stock tronic
43262,COMPANYSTOCK53ARSENALJOINT,53 arsenal company joint stock
45981,LIMITEDLIABILITYCOMPANYHOLDINGINFRASTRACTURE4,4 company holding infra liability limited s tract ure
12186,GRUPOSACVZAVALADEHORTA,acv de grupo horta s zavala
33619,LOPEZRodolfoGUTIERREZFrancisco,francisco gutierrez lopez rodolfo
47642,AKTSIONERNOEOBSHCHESTVOAKONITURAL,a e i it kts oak ob on one rno shche stv ural
49186,RESEARCHJOINTANDPROTEKCOMPANYSTOCKENTERPRISEIMPLEMENTATION,and company enterprise implementation joint pro research stock tek
49768,DEELJICAROBIOCOMBUSTIBLESCVSA,a bio caro combustibles cvs de el ji
50530,PALACIOSMUNOZAntonioMiguel,antonio miguel mun oz palacios
19714,FZEGENERALTRADINGGRANDEUR,f general grandeur trading ze
15699,CVLOSRANCHOAGRICOLAGANADERODEMEZQUITESSA,agricola cv de gana los mez quite rancho rode ssa
46911,BHDSDNTECNOLOGIESADVANCEDSKYLINE,advanced b dn gies hds o skyline tecnol
18715,JOINTSBERBANKCOMPANYSTOCK,bank ber company joints stock
51604,LIABILITYWELLTECHLIMITEDCOMPANY,company liability limited tech well
46809,EUROPEANTRADINGTECHNOLOGYBV,b european technology trading v
50080,COMPANYINFORMATIONYEMENFORTELECOMMUNICATIONTECHNOLOGYASSET,asset company for information technology telecommunication yemen
49411,LIMITEDCOMPANYLIABILITYMEGASTEK,company liability limited megas tek
50740,BYUROINZHINIRINGOOOSPEKTRKONSTRUKTORSKOE,by e i in ko kon ooo pek ring s str tors tr uk uro zhin
49395,JOINTALEKSINSKIIZAVODCOMPANYSTOCKOPYTNYIMEHANICHESKII,a a company d joint kii kii lek meh niches nyi op sins stock t vo y za
9548,COMPANYKDPMAESAILTD,company dp k mae sail td
49819,CVJJESADECONSTRUCTORASA,a a as constructor cv de j jes
7173,IgnacioMEDINAMORENOLuis,ignacio luis medina moreno
43272,LINKSASIAPACIFICLIMITED,asia limited links pacific
52061,BLANCOOSTENOrlandoOrozman,blanco man or orlando osten oz
41113,HOLDINGSYSTEMSCOMPUTERLIMITEDINTELLIGENTLIABILITYCOMPANY,company computer holding intelligent liability limited systems
48248,GHOJEHBIKLORostamSHAHMARI,bi eh gh kl mari oj oro shah stam
49837,LLCENERGYCOFORNACISTRADING,co energy for is llc nac trading
49215,EQUIPMENTMARINEJSCENGINEERINGCORPORATION,corporation engineering equipment jsc marine
12215,OFACADEMYSECONDNATURALSCIENCES,academy natural of sciences second
34498,INSURANCECOMPANYCOMPANYSTOCKROSGOSSTRAKHPUBLICJOINT,company company goss h insurance joint public ros stock trak
10899,ArturoMarcosBELTRANLEYVA,an arturo beltr ley marcos va
44086,LIABILITYSTERLITAMAKCATALYSTCOMPANYLIMITEDPLANT,catalyst company erlita liability limited mak plant st
49382,COMPANYMAYAKKIROVPUBLICPLANTJOINTSTOCK,company joint kirov mayak plant public stock
10587,NOORAbdulMUHAMMADMajeed,abdul e ed maj muhammad noor
46020,RESOURCESRUSSIANTITANIUMLIMITED,limited resources russian titanium
18070,CVATUNERASATRITONDENUEVA,a a as cv de nueva triton tuner
51531,COMPANYSTOCKINVESTGEOSERVISJOINT,company geo invest joint rvis se stock
46909,ENGINEERINGARYATADBIRCOMPANYTEYF,arya bir company engineering f tad tey
17807,PADRONNayarithKatherineHARINGHTON,h haring ht katherine nayarit on on padr
32351,SYRIAN216BRANCHMILITARYINTELLIGENCE,216 branch intelligence military syrian
42733,LIMITEDCOMPANYMASHOILLIABILITY,company liability limited mash oil
37781,METEORCOMPANYSTOCKJOINTPLANT,company joint meteor plant stock
47707,TGUNLEVSHALLCMAKINGCOMPANY,c company gun lev making shall t
50124,RASPADSKAYAOGRANICHENNOIUGOLNAYAKOMPANIYASOBSHCHESTVOOTVETSTVENNOSTYU,chen chest et gol h iu kaya nayak no nost og om otv pads pani rani ras sobs st ven vo ya yu
27251,CENSCERTAINCOMPANIASAAB,ania c certain comp ens saab
44266,COMMERCIALJSCUNISTREAMBANK,bank commercial jsc stream uni
22080,MuhammadNasiralDinAymanSALIM,aldin ayman muhammad nasir salim
7933,HIRBinAbdulZulkifli,abdul h if in irb li lk zu
34764,LIMITEDTEKHNOLOGIITSIFROVYECOMPANYBUDUSHCHEGOLIABILITY,budu company go hno ifr its liability limited logi ov shche tek ye
40209,KONGFANGHONGLIMITEDHOLDINGSTIAN,fang holdings hong kong limited tian
16020,IRANSHARGHCOMPANY,argh company iran sh
15097,COELECTRONICINDUSTRIESCOMPONENTS,co components electronic industries
46645,LIMITEDMETALMASTERCOMPANYLIABILITY,company liability limited master metal
52577,COMPANYLIABILITYLIMITEDCHERMETSERVIS,cher company e liability limited mets rvis
30106,COSHANGHAILTDREACHGROUPHOLDING,co group holding ltd reach shanghai
43098,KRASNOYARSKJOINTPOLYUSCOMPANYSTOCK,company joint krasnoyarsk poly stock us
45376,VEKPROMPROMYSHLENNAYACOMPANYLIMITEDGRUPPALIABILITY,a company g hlen liability limited my naya pro prom rupp s vek
49952,GALAKTIKAOBSHCHESTVOKORPORATSIYAAKTSIONERNOE,e gala i i ika kt kts ob ok one or po rats rno shche stv yaa
49782,KHAVERIMLIABILITYCOMPANYLIMITED,company have k liability limited rim
52387,OBREGONHectorPEREZAndres,andres hector obreg on perez
30618,LIMITEDDONGMEIINVESTMENTCOGROUP,co dong group investment limited mei
51411,CamiloROSEROEstebanBETANCOURT,betancourt camilo esteban ro rose
46514,JOINTSTOCK75ARSENALCOMPANY,75 arsenal company joint stock
16023,ZARINCOMPANYRAFSANJANCEMENT,an cement company in raf sanj zar
45901,FORZAWAYALIMITADADEVELOPMENTINVESTMENTALGROUPSOCIEDADAND,a ada al and development forza group investment limit sociedad way
49834,LLCFZMARKETINGAWARDSDIGITAL,awards digital f llc marketing z
34993,JUNIORKINAHANVincentChristopher,christopher han junior kina vincent
49226,ANDCORPORATIONJSCSHIPBUILDINGSHIPREPAIRING,and corporation jsc repairing ship shipbuilding
44578,LIMITEDDEFENSEENGINEERINGLIABILITYPARTNERSHIP,defense engineering liability limited partnership
51887,MARSAENERGYTRADINGDMCC,a c dmc energy mars trading
51373,LLPVISIONSHIPMANAGEMENT,ll management p ship vision
29667,OSORIOLUCESAntonioGuillermo,antonio guillermo luce osorio s
49681,SEPAHOMIDEXCHANGECOMPANY,company exchange mid paho se
11000,RIOPRESIDIOCVMINERADESA,a cv desa miner presidio rio
40876,COMPANIESSAPPHIRESTAROFGROUP,companies group of sapphire star
13014,GEOFARMASACVDE,acv as de farm geo
40212,QUANZHOUYIYANGJINLTDTRADEIMPORTCOEXPORTAND,and co export import in j ltd quan trade yang yi zhou
36258,RASPUNDERECUOKAFSOCIETATEALIMITATATRADING,a a at ecu f limit oka rasp societ tea trading under
49399,UNITARYTEHNOLITENTERPRISEPRODUCTIONSCIENCEPRIVATE,enterprise lit no private production science teh unitary
47754,ENGINEERINGABERGINSTITUTENAMEDCENTRALIRADIOAFTERACADEMICIANRESEARCH,a academician after berg central engineering i institute named radio research
40794,EOOD2016MSKONSULT,2016 e kon ms ood sul t
32452,ORGANIZATIONTRAFFICKINGDRUGLOSHUISTAS,as drug hui los organization st trafficking
49189,SEMIKHATOVPRODUCTIONACADEMICIANOFAFTERASSOCIATIONAUTOMATICSNAMEDANDNASCIENTIFIC,academician after and association automatics khat na named of ov production scientific semi
36410,SBERBANKCOMPANYTECHNOLOGIESSTOCKJOINT,bank ber company joint s stock technologies
32532,DECLUBSAROJOSJUAREZINDIOSCVDE,a clubs cv de de indios juarez rojos
23825,COLTDKINGLYINTERNATIONALWON,colt d international kingly won
35244,COMPANYCOMPANYMANAGEMENTLIABILITYLIMITEDRVC,c company company liability limited management rv
18048,SalihAbdMuhammadAbdallahalLatifBinALKAWARI,a abd abdallah alka all at bin i if lih muhammad s war
49400,COMPANYLIMITEDLIABILITYSTANKOMASH,ash company kom liability limited stan
13007,CVSADECITADELINMOBILIARIOSDESARROLLOS,a a citadel cvs de de i in mobil rios rollo s sar
15864,COMPANIADERL5GANADERASDEPRMANANTIALES,5 ales ania anti as comp de der ga l man nader pr
41576,GONZALEZJassielVILLEGASIan,as el gonzalez ian j si villegas
19629,GENERALANDSINGWANGCORPORATIONECONOMICSTRADING,and corporation economics general sing trading wang
15007,BARAKZAIAbdulSattarHaji,abdul arak b haji sattar zai
48670,HajjiHamidEBRAHIMIFORUSHANI,amide brahim for hajj i ih shani u
24431,CONTRERASMarlenyJosefinaHERNANDEZ,a contreras hernandez in josef marle ny
50402,EPLEKSLIMITEDCOMPANYLIABILITYGRUPP,company ep g lek liability limited rupp s
41998,COMPANYTRADINGLIMITEDFOREPOSTLIABILITY,company fore liability limited post trading
48586,INTERNATIONALLIMITEDTULUNHOLDING,holding international limited n tulu
41002,STOCKJOINTZAVODVOTKINSKIYCOMPANY,company dvo in joint ski stock tk vo y za
25451,HAFEZARYASHIPPINGCOMPANYDARYA,arya company darya hafez shipping
50172,SROLABLEARNINGMACHINE,lab learning machine ro s
46488,JuanBASTIDASERENASPablo,bastida juan pablo s serena
9583,JainalAntelSALIJR,alan ali jain jr s tel
29020,TOURISTCITYGRANDTOWN,city grand tourist town
7192,JuanOLARRAGURIDIAntonio,antonio di guri juan larra o
30627,CENTRALOFOFTHEREPUBLICELECTIONBELARUSCOMMISSION,belarus central commission election of of republic the
7598,EUSERVICIODEAEREOSANTANDER,aere e o ode santander user vici
48120,OGRANICHENNOYSVEB3OTVETSTVENNOSTYUOBSHCHESTVOTEKHNOLOGII,3 b chen et ii kh log no no nost ob og otv rani shche st st ve ven vote ys yu
51404,FORESTSPOZLAKEO,forests lake o oz p
52249,SIRKETIMAKINAANONIMENDUSTRIMETALSAHINLER,a ah an dust i i in ket ler makin men metals on ri sir
34960,PERIDOTTRADINGSHIPPINGANDLLC,and llc peridot shipping trading
42314,LLCKISMAYOTRADINGGENERAL,general is k llc mayo trading
46735,LIMITEDASTECLINGINTERNATIONALCOMPANYLIABILITYCOMPANY,as cling company company international liability limited te
44158,SIBERIANSERVICECOMPANYJSC,company jsc service siberian
40544,INFORMATIONSTUDIESCOMPANYANDFORLEBANESESARL,and company for information l lebanese sar studies
48527,LIMITEDCOMPANYSREDNEVOLZHSKYSTANKOZAVODLIABILITY,a company d liability limited ne oz red s stank vo vol zhsky
28548,ORTEGAMURILLOCarlosJuan,carlos juan murillo ortega
40477,LTDTIANYIRESEARCHSPACEINSTITUTESCIENCECOANDTECHNOLOGYCHANGSHA,and changsha co institute ltd research science space technology tian yi
13116,DEEPPJSOFFSHORECOMPANYTECHNOLOGY,company deep offshore pj s technology
19732,GENERALSEVENSEAGOLDENTRADINGLLC,general golden llc sea seven trading
49364,GROUPBASSIREDOOBEOGRAD,bass beograd doo group ire
43836,ZAMUDIOLERMAAngelGuillermo,a angel guillermo lerm udio zam
28289,ANDARFAIRONSTEELCOMPANY,a and company iron rfa steel
27589,INVESTMENTTRADINGLIMITEDLOUCOMPANYAND,and company investment limited lou trading
46658,VOLOGDABEARINGPLANTCOMPANYCLOSEDJOINTSTOCK,bearing closed company gda joint o plant stock vol
52316,SDNTEFCASMARINEBHD,as b efc hd marine nt sd
30123,SONSANDTALIBPTYLTD,and ltd pty sons talib
51718,BANKJOINTFINANCECOMPANYSTOCKAUTO,auto bank company finance joint stock
32743,MEDICINETHEOFMINISTRYFORMILITARYSTATEDEFENSEEXPERIMENTALINSTITUTEOF,defense experimental for institute medicine military ministry of of state the
29625,LTDFUELTRADINGOMAN,fuel ltd oman trading
17238,BASPARKIMIYAMANDEGARCOMPANY,bas company gar i mande miya park
36065,ZVYOZDOCHKASHIPREPAIRINGCOMPANYJOINTCENTERSTOCK,a center company doc hk joint oz repairing ship stock vy z
33014,POLIGONOSASMARTASANTA,as go marta nos poli santa
40931,STOCKCOMPANYINSTITUTERESEARCHBUREVESTNIKJOINTSCIENTIFICCENTRAL,bure central company institute joint nik research scientific stock vest
32176,GENERALTICARETSIRKETIVEGIDASANAYITRADINGANONIMADOON,a an asana caret do general gid im ive ket on on sir ti trading yi
49877,LIMITEDKITSMARTTECHNOLOGY,kit limited smart technology
35936,STOCKCOMPANYMIKRONJOINT,company joint mik ron stock
31311,BUSTAMANTEDinorahYoselinPUERTA,a busta hyo in in man or puerta sel ted
46431,IZHEVSKELECTROMECHANICALCOMPANYKUPOLPLANTSTOCKJOINT,company electromechanical he iz joint k ku plant pol stock vs
40803,CONSULTINGTRILEMMALTDEOOD,consulting de lemma lt ood tri
32533,MENDOZASCACUAINDUSTRIARLNARCISODEDECV,a cu dec indus is mendoza narc ode rl sca tria v
41299,TECHNOLOGYWUHANSHUOKANGCOBIOLOGICALLTD,biological co huo kang ltd s technology wuhan
29023,ZUBAIDILLCQALEIAND,a aid and cq ill lei zub
48199,GROUPLTDUNITOPHONGKONG,group hongkong ltd top uni
49307,COMPANYLIMITEDHOLDINGLIABILITYYUZHPOLYMETAL,company holding liability limited metal poly yu zh
7330,NEDERLANDBENEVOLENCESTICHTINGINTERNATIONAL,benevolence ich international nederland st ting
45041,BALASHIKHINSKIYLITEYNOCOMPANYOPENSTOCKMEKHANICHESKIYZAVODJOINT,a bala company d ey iche it joint khan khin me no open shi ski ski stock vo yl yz
49795,EDJAMAQUINASCVDESA,aquinas cv desa ed jam
46224,DESKAIRUCVSA,a air cvs desk u
26324,ORGANIZATIONDRUGZHENGTRAFFICKING,drug organization trafficking zheng
17118,ISAZANelsonSANCHEZDario,aza dario is nelson sanchez
11773,SAAVEDRAENSCCIAY,ay cci ens saavedra
25489,JOOMohammadAliYAZDAN,al dan iyaz joo mohammad
25943,ARJANELECTRICITYANDGENERATIONMANAGEMENTENERGY,and arjan electricity energy generation management
8394,SACOPANDORASHIPPING,a co pandora s shipping
15664,DECASADISTRIBUIDORASAELCVLUISVIEJO,a cv dec do el luis rasa rib sadist ui viejo
46648,INVENTLIABILITYCOMPANYLIMITED,company invent liability limited
43038,RESEARCHMINERALSCIENTIFICSTOCKOFSIBERIANCOMPANYMATERIALJOINTANDINSTITUTEGEOPHYSICSRAWGEOLOGY,and company geology geophysics institute joint material mineral of raw research scientific siberian stock
10594,AbdullaAhmadMohammadBEHZADAbdulla,a a abdull abdull ad ahmad be hz mohammad
28547,MONTALVANAdolfoIvanACOSTA,acosta adolfo ivan montalva n
52573,ANDTUGANSKSTOCKCOMPANYPROCESSINGILMENITEMININGJOINTENTERPRISE,an and company e enterprise il it joint men mining processing sk stock tug
45976,LIABILITYCOMPANYLIMITEDSTARTAERO,aero company liability limited start
36324,OOOTSARGRADKURORTSPASTESHILOVO,grad hilo kuro ooo pastes rts tsar vo
39666,AVASERVICESPETROLEUMSA,a ava petroleum s services
11237,ArturoLADINOAVILAJaime,arturo avila jaime ladino
28049,LTDPETROLEUMCOPAPA,co ltd papa petroleum
50280,LIMITEDLIABILITYATRANCOMPANY,at company liability limited ran
51127,PRODUCTIONANDUNITEDRESEARCHPERMCORPORATIONENGINESENGINECOMPLEX,and complex corporation engine engines perm production research united
46215,CVTURISTICOSCOMERCIALIZADORAVALLARTASERVICIOSSADEDEDE,a cv dedede dora liza mercia osco oss ser turistic vallarta vici
11548,CeciliaRODRIGUEZVELASQUEZRuth,cecilia rodriguez ruth velasquez
8744,LIMITEDLEASINGPACIFICWORLDTRANS,leasing limited pacific trans world
9331,ALTIKRITISabawiIbrahimHasanAyman,al an ayman has ibrahim saba tikriti wi
40328,SHIRSHOVPPINSTITUTEOFTHEACADEMYOCEANOLOGYOFRUSSIANOFSCIENCES,academy hirsh institute ocean of of of ology ov pp russian s sciences the
26588,URUGUAYBANDESSABANCO,a banco band ess uruguay
10897,MahmudAdilABDMuhammadALKHALIQ,a abd al dil khali mahmud muhammad q
37739,STATECENTERAFTERNAMEDFLIGHTVPTESTINGCHKALOV,after center ch flight ka lov named state testing vp
50781,RRGENGINEERINGPRIVATELIMITEDTECHNOLOGIES,engineering limited private r rg technologies
11626,COMMERCIALPETROCHEMICALUKLIMITEDCOMPANY,commercial company limited petrochemical uk
23004,COMMERCIALLTDKORYOBANK,bank commercial ko ltd ryo
37256,MORGANHUERTAJoseArnoldo,arnold huerta jose morgan o
48771,MAHDUDCAMIYYATIENERGYLAHICMASULIYYATLI,as at at cami cm dud energy hi i la li mah uli yy yy
10359,ZAMBADAMariaNIEBLATeresa,a bad eb la mariani teresa zam
11695,INPENINSULAALQAIDAARABIANTHE,aida alq arabian in peninsula the
40923,LIMITEDJINXINTRADINGNUO,in jinx limited nu o trading
33594,PARVAZNAFARCOMPANYMADOOJE,company doo far je ma na par vaz
11882,CIAALVAREZYAGUILARLTDA,a aguilar alvarez cia ltd y
48549,VLADIMIRCOMPANYSTOCKOFPLANTHOSESMETALJOINT,company hoses joint metal of plant stock vladimir
38316,FEDERALOFPHYSICSANDINSTITUTIONOFSTATEINSTITUTEHIGHERTECHNOLOGYEDUCATIONMOSCOWVOCATIONAL,and education federal higher institute institution moscow of of physics state technology vocational
42296,2013TRADINGTIALTDOOD,2013 ltd ood tia trading
47132,MuhammadFallahKamilHIRZALLAH,allah allah f hi kamil muhammad rz
28243,CVMASTERREPOSTERIASYDESARESTAURANTES,as cv desa es i master poster re restaurant y
30286,CODESLTDINTERNATIONAL,codes international ltd
47540,IT1COMPANYLIMITEDLIABILITYRTK,1 company it k liability limited rt
40476,JOINTTECHTERRACOMPANYSTOCK,company joint stock tech terra
46680,YUNZEBEIJINGCOLTDTECHNOLOGY,beijing colt d technology yun ze
48961,CAPITALCONSULTANCIESMANAGEMENTANDTAPLLC,and capital consultancies llc management tap
50409,COMPANYENGINEERINGLIMITEDLIABILITYARMOR,armor company engineering liability limited
50179,CYBERLIMITEDLIABILITYSERENITYCOMPANYSECURITY,company cyber liability limited security serenity
44983,OZERNAYALIABILITYCOMPANYKOMPANIYAENERGETICHESKAYALIMITED,company energetic er he kaya kom liability limited naya oz pani s ya
16696,REPUBLICOFSYRIAOFCONGOTHEDEMOCRATICISLAMICANDIRAQSTATE,and congo democratic iraq islamic of of republic state syria the
34681,INVESTTRADEBANKCOMPANYSTOCKJOINT,bank company invest joint stock trade
45956,LIMITEDSOLUTIONSEMERGENCYLIABILITYCOMPANYDIGITAL,company digital emergency liability limited solutions
51832,BANKSTOCKTRUSTCOMPANYPUBLICJOINT,bank company joint public stock trust
16208,LuisCUELLARCASTROEduardo,castro cuellar eduardo luis
42736,GASLIABILITYEQUIPMENTURALMASHANDLIMITEDCOMPANYOILHOLDING,and company equipment gas holding liability limited mash oil ural
28052,MDCOZTHMORDALTDSES,da ltd mdc mor oz ses th
12476,COMPANYANDGASPARSOIL,and company gaspar soil
44146,LIMITEDGAZPROMNEFTPRIVATEOKHRANALIABILITYCOMPANYORGANIZATIONSECURITY,company ft gazprom h liability limited ne ok organization private rana security
7209,alRahmanKhalidAbdALFAWAZHamd,abd al alfa d ham khalid rahman waz
28294,INDUSTRIALGOLGOHARANDMININGCOMPANY,and company gohar gol industrial mining
7151,SADECVELECTRONICOSACCESOS,acc cv electronic eso os s sade
40824,INVESTMENTCAPITALLEADINGLTD,capital investment leading ltd
32332,JesusJARQUINJARQUINJose,jar jar jesus jose quin quin
47549,JOINTCOMPANYSPBBANKSTOCKPUBLIC,bank company joint pb public s stock
26140,ORGANIZATIONPERALTATRAFFICKINGCESARDRUG,cesar drug organization peralta trafficking
46674,STOCKSCIENTIFICCOMPANYANDTECHNICALPHOTONICSCOMPANYJOINTAZIMUT,a and company company joint nics photo scientific stock technical ut zim
12928,CONSPIRACYNUCLEIFIREOF,conspiracy fire nuclei of
50358,LIMITEDCOAGUINFORMATIONTECHNOLOGY,coa gu information limited technology
47912,KRDVZABAYKALYELIMITEDLIABILITYCOMPANY,bay company dv ka kr liability limited lye za
49242,ELEKTROPRIBORAKTSIONERNOEOBSHCHESTVOZAVODVLADIMIRSKIIOTKRYTOE,a bora d e ek el i io kts ob one oz pri rno ry shche ski stv tk toe tro vladimir vo
15854,FOODLTDMANAGEMENTTFMCCORPORATIONTHE,c corporation fm food ltd management t the
21577,DEAGRICOLARUELASSPRRI,agricola as de ri ruel spr
47185,AHMARALAbdullahHamidHussein,abdullah ahmar al hamid hussein
50785,DELAZIYALIABILITYLIMITEDCOMPANY,company dela liability limited ziya
44462,WARRIORSLTDINVESTMENTGOLDENPVT,golden investment ltd pv t warriors
20880,ALMUHAYSINIMuhammadBinSulaymanAbdallah,a abdallah bin hays i in lmu muhammad sulayman
45920,LIMITEDLIABILITYCOMPANYELECTRONICSSPUTNIK,company electronics liability limited sputnik
17018,STOCKRUSSIAJOINTPUBLICOFSBERBANKCOMPANY,bank ber company joint of public russia s stock
37769,LIMITEDPFMKLIABILITYCOMPANY,company liability limited mk pf
31452,AUTONOMOUSSTATEFEDERALINNOVATIVEERAMILITARYINSTITUTIONTECHNOPOLIS,autonomous era federal innovative institution military polis state techno
24664,MOKUSADORMINES,dor mines mok usa
38580,OGRANICHENNOIMARKUSOBSHCHESTVOSOTVETSTVENNOSTYU,chen et markus noi nost ob og otv rani shche st st ven vos yu
7585,LTDAGAVIOTAYMUELLESDRAGADOS,a aga dos drag elle ltd mu s tay vio
47598,NEVSKYZAVODSTOCKJOINTCOMPANY,ck company joint nevsky to zavods
28286,STEELKAVEHCOMPANYSOUTH,company ka south steel veh
12298,CVSABASALTOSDETONALA,a a basal cvs de s to tonal
48746,GROUPCONSULTINGJSCPOSTPROCESSOR,consulting group jsc post processor
46520,COMPANYJOINTRIFSTOCK,company joint rif stock
3750,COBALTINTERNATIONALINCCO,co cobalt inc international
47271,SABAFONOFFSHORESALINTERNATIONAL,fon international offshore saba sal
50082,ALSHAHARICORPORATIONLIMITEDGUANGZHOUUNITED,al corporation guangzhou i limited shahar united
22285,OFFORCESPEOPLESARMEDMINISTRY,armed forces ministry of peoples
45965,LIMITEDCOMPANYDECISIONS2LIABILITYNEW,2 company decisions liability limited new
25635,TOSEEDONYASHAHRKOHANCOMPANY,an company koh on seed shahr to ya
47537,LIMITEDIT1COMPANYLIABILITY,1 company it liability limited
6908,AnwaralSayyidTariqAHMAD,ahmad al anwar sayyid tariq
37777,PLASMACOMPANYSTOCKJOINT,company joint plasma stock
52177,LIMITEDEVOKORPKOMPANIYACOMPANYUPRAVLYAYUSHCHAYALIABILITY,company evo haya kom kor liability limited lya p pani rav shc up ya yu
50777,OFLIMITEDLIABILITYCOMPANYUNMANNEDTECHNOLOGIESMORDOVIA,company do liability limited mor of technologies unmanned via
12314,SEPULVEDATulioFLOREZMarco,flore marco sepulveda tulio z
45552,LAKTASIAGROVOCEDOO,asia doo gro kt la voce
26220,GROUPCOMMERCIALINCWINDHAM,commercial group inc windham
48742,ITHALATLIMITEDIHRACATTICARETALPHASIRKETIIMPEXDISVE,ac alpha are at attic exd hal i ihr imp is it ket limited sir t ve
52629,LIABILITYPREDPRIYATIEPROIZVODSTVENNOENAUCHNOLIMITEDCOMPANYTECHNOPROEKT,a auch company dpr dst ek en iy iz liability limited no no pre pro pro t techno tie ven vo
52549,LIABILITYLIMITEDSALDAKERAMAKSVERKHNYAYACOMPANY,a company ker kh liability limited maks nyaya salda ver
46270,ZAVODIMOBSHCHESTVOAKTSIONERNOENMIGNATYEVAAKOMAKKUMULYATORNYI,a a en ignatyev ko kum m mak mob nyi oak odi one or rno shche stv tsi ul v yat za
25461,KGOCEANCOGMBHELEVENTH,co eleventh gmbh kg ocean
37689,OPTICALSTOCKPRODUCTIONAFTERESYALAMOVJOINTCOMPANYURALMECHANICALPLANTANDASSOCIATIONNAMED,after alamo and association company es joint mechanical named optical plant production stock ural v y
50052,ZAVODAKTSIONERNOEREKONDOBSHCHESTVO,b ere i kondo kts one rno shche st vo voda za
17386,ALYahyaHAKIMAbdullah,abdullah al hakim yahya
25687,LTDPTEWEESTIONG,ltd pte tiong wees
49752,METALCOYIDATONGMATERIALSLTDTIANJIN,coy ida ltd materials metal tianjin tong
47618,LIMITEDMAKROOPTIKARESEARCHPRODUCTIONLIABILITYCOMPANYCOMPANYAND,and company company ka liability limited mak production pti research roo
48692,KOMMERCHESKAYAPROIZVODSTVENNOVIVAKOMPANIYA,che dst iz kaya kom kom mer no pani pro s ven viva vo ya
25935,ENERGYGILANGHADIRCASPIAN,caspian energy g gilan had ir
50159,OGRANICHENNOIPECHENGSKOESOTVETSTVENNOSTYUSTROITELNOEOBEDINENIEOBSHCHESTVO,be chen cheng dine eo eso et nie no noi nos ob og pe rani shche sko st st tel troi tv tyus ven vo
15691,ACUATICOCASCABELESSALOSPARQUECVDE,a a a be casca cu cv de less los parque tico
47899,LIMITEDLIABILITYEDUCATIONALRESIDENCEURALCOMPANY,company educational liability limited residence ural
21004,ALIAlHasanABKARALI,alia kara lhasa li nab
12580,GENERALLLCTRADINGGREENLEAF,general greenleaf llc trading
51298,LTDCOLIMBACHAIRCRAFTENGINEXIAMEN,aircraft co engine limbach ltd xiamen
44989,COMPANYLLCARCTICUNITED,arctic company llc united
24784,YusopKarimFAIZMohammed,faiz karim mohammed op yus
46777,STOCKCARTRIDGEBARNAULCOMPANYPLANTJOINT,barnaul cartridge company joint plant stock
18095,SAFIRMADELAMIRANDACV,a adela cv firm miranda s
52033,LIMITEDRUSGAZBURENIELIABILITYCOMPANY,buren company gaz ie liability limited rus
23653,INVESTMENTCOINTERNATIONALLIMITEDKINGSROMANS,co international investment kings limited romans
41116,SOFTLIABILITYLIMITEDMFICOMPANY,company liability limited mfi soft
39671,SHIPPINGCORPTIDERISING,corp rising shipping tide
31146,DESPRRLALEGRECOSTAAGRICOLA,agricola alegre costa de rl spr
44093,NEFTEGAZAVTOMATIKAJOINTCOMPANYSTOCK,avtomat company e ft gaz ika joint ne stock
26201,GROUPCORPINVESTMENTSRIM,corp group investments rim
47833,LIMITEDHYPERSPACECOMPANYLIABILITY,company hyperspace liability limited
32355,SYRIANGENERALBRANCHALKHATIBINTELLIGENCE251,251 al branch general intelligence khatib syrian
40864,ZAVODKOMPOZITSIONNYKHULGERODNYKHMATERIALOVI,d d gero hul k kh kom material ny ny on ovi pozi tsi vo za
32729,ASTRALIABILITYLIMITEDDANACOMPANYFOREIGN,astra company dana foreign liability limited
34675,PUBLICSTOCKCOMPANYTRANSKAPITALBANKJOINT,bank company joint kapital public stock trans
11417,REPARACIONESAERODINOSTALLERYDEPARTESAEREOSSERVICIOSDESUSSA,a a aere aero depart des dinos es es os os racion rep ser taller uss vici y
37521,OBYEDINENIYELIABILITYLIMITEDRADIOVOLNACOMPANYNAUCHNOPROIZVODSTVENNOYE,auch by company dst ed eni in iz liability limited n na no noye o pro radio ven vo vol ye
6865,MALHERBELEONDEOscar,be de her leon mal oscar
52182,BEARLIMITEDCOMPANYBRIDZHLIABILITY,b bear company liability limited rid zh
51092,KDGLIMITEDENGINEERINGPRIVATE,d engineering g k limited private
25970,DEVELOPMENTANDINTERNATIONALGHADIRTRADING,and development g had international ir trading
27468,COMPANYLTDHOLDINGKUNLUN,company holding kunlun ltd
7876,ALYASSINHusamAminMuhammad,al amin husam muhammad yassin
45908,FINANCIALTADAWULSAOCSERVICES,aoc financial ls services tada wu
23890,PMA243CAINVERSIONES,243 a cain es pm version
36019,CHINAENERGYHAOKUNLIMITED,china energy hao k unlimited
47634,MIKROSISTEMANAUCHNOPROIZVODSTVENNOEPREDPRIYATIE,an auch dst ep iz mik no no pri pro red rosi stem tie ven vo ya
18736,COMPANYVTBDEPOSITORYCLOSEDSPECIALIZEDJOINTSTOCK,b closed company depository joint specialized stock vt
49269,OBSHCHESTVOSOGRANICHENNOIMEDSTANDARTOTVETSTVENNOSTYU,art chen et gran i med noi nost ob oso otv shche st stand stv ven yu
11295,KANKASETSANGSIRILIMITEDCOMPANY,company kanka limited sang set siri
44161,OGRANICHENNOJSOTVETSTVENNOSTYUAKTIVNIPIGAZOBSHESTVO,a a chen et i ivn j kt no nost og pig rani she so st st tv ven vo yu zob
51150,ISTOCKCREDSTVIREMONTAVOORYGENIYBIOLOGICHESKOIHIMICHESKOICOMPANY136PROIZVODSTVARADIACIONNOIJOINTOPENBAZAIZACHITUCENTRALNAY,136 a a baz bio c central ci company dia dst geni he him i i iche it iz joint koi koi logic mont nay noi on open pro red s s st stock u vara vire vo voor y y zach
52015,PORTSUKHODOLLIABILITYMORSKOILIMITEDCOMPANY,company dol ho koi liability limited mors ports uk
52548,COMPANYJOINTURALSKIYMETALLURGICHESKIYKAMENSKSTOCKZAVODPUBLIC,company d iche joint kamen lu metal public rg sk ski ski stock ural vo y y za
48862,VOLGOGRADLIABILITYCOMPANYCOMPANYMACHINELIMITEDBUILDING,building company company liability limited machine volgograd
40795,CRIMINALSALASORGANIZATIONHERNANDEZTRANSNATIONAL,alas criminals hernandez organization transnational
24680,AINMOBILIARIAROFIS,a iar iar in is mobil of
15697,GENERALFZESYNERGYTRADING,f general synergy trading ze
52257,OGRANICHENNOIOBSHCHESTVOSEBOTVETSTVENNOSTYUS,bot chen e en noi nos ob og rani shche st tv tyus vets vos
47496,ALLRUSCOMPANYLIMITEDLIABILITY,all company liability limited rus
47986,FORLIMITEDCOMPANYSECURITYNATIONALCENTRELIABILITYINFORMATION,centre company for information liability limited national security
8190,IbrahimMohammadBarzanHasanALTIKRITI,anal bar has ibrahim mohammad tikriti zan
45967,COMPANYMEDIALIABILITYGROUPLIMITED7TV,7 company group liability limited media tv
27594,LIMITEDPETROLEUMCOMPANYALCARDINAL,al cardinal company limited petroleum
24450,LOGISTICSCOMARITIMEPRIMORYELTD,co logistics ltd maritime primo rye
30664,FLAGSTONECONCRETEMANUFACTUREANDALAMEROFFOR,a and concrete flagstone for lamer manufacture of
13414,MartinHumbertoFELIXPONCE,felix humberto martin ponce
23130,MONSALVEMARQUEZJorgeElieser,elie jorge ma mon rquez salve ser
51300,CHEKADSANATFARAZASIA,asia az cheka d far sanat
50116,ELECTRONICSCOLIMITEDHKFEPOOD,co d electronics fe hk limited poo
22223,MabkhutALARADAHKhalidAli,a ali dah hut k khalid lara mab
36367,DIGITALLIABILITYLIMITEDRUSSIANSOLUTIONSCOMPANY,company digital liability limited russian solutions
42981,COMPANYTBSLIABILITYLIMITED,company liability limited tbs
52510,MOUSAMohammedDagloHamdan,dag hamdan lo mo mohammed usa
52014,PUBLICPRODUCTIONOFCOMPANYFORMAGNEZITREFRACTORIESTHESTOCKKOMBINATJOINT,at bin company for joint kom magne of production public refractories stock the zit
33071,STOCK140PLANTJOINTCOMPANYREPAIR,140 company joint plant repair stock
47686,SAFEDATALIABILITYCOMPANYLIMITED,company data liability limited safe
33948,RESOURCESCORPORATIONARCLTD,arc corporation ltd resources
15001,IsidroFaustoFLORESMEZA,a flores idr is meza of to us
41988,SPETSVOLTAZHLIABILITYCOMPANYLIMITED,company liability limited pets s volta zh
51457,COMPANYPARITETJOINTRDCSTOCK,c company et it joint par rd stock
43195,HENGCHENGBEIJINGXINGHUALIMITEDCOMPANYTECHNOLOGYDEVELOPMENT,beijing cheng company development heng hua limited technology xing
10849,AbogneDEVERAPio,a a bog ever ned pio
37267,PORCHASCAMACHOJesusFrancisco,as camacho francisco jesus porch
46491,MONGECAROJesusJoseGil,caro gil jesus jose monge
22483,MarwanTahHussaynALAZAWIIbrahim,ahh ibrahim mar nala say us want wi za
29526,LIMITEDSHIPPINGENERGYHONGKONGSINO,energy hongkong limited shipping sino
49527,LIABILITYCOMPANYTRANSGAZMURMANSKLIMITED,company gaz liability limited murmansk trans
49278,COMPANYLIABILITYKINGISEPSKYBUILDINGMACHINELIMITEDPLANT,building company ep is king liability limited machine plant sky
30961,MUSAalSayyidIbrahimYahya,al ibrahim musa sayyid yahya
26744,CREDITLIABILITYFINANCIALRUSSIANCOMPANYSOCIETYORGANIZATIONNONBANKLIMITED,bank company credit financial liability limited non organization russian society
43278,LIABILITYPORTCOMPANYLIMITEDSSK,company liability limited port s sk
18570,JorgeBERRIOOswaldoZAPATA,ber jorge oswaldo rio zapata
50732,MATERIELMILITARYARMAMENTOFFORTESTINGPROFITNONANDANDINSTITUTEORGANIZATIONAUTONOMOUSCERTIFICATION,and and armament autonomous certification for institute mate military non of organization profit riel testing
18751,BROKERINSURANCELIMITEDCOMPANYSBERBANKLIABILITY,bank ber broker company insurance liability limited s
48899,ELEKTRONIKEKIPMANLIMITEDGQSIRKETISOLUTION,ek el gq i ike ket kip limited man sir solution tron
46637,SIRKETITICARETVELIMITEDOTOMOTIVEGETIRSANAYI,a an caret get i irs it ket limited motive o sir to ve yi
50284,SOTVETSTVENNOSTIUNORGAURUSSLANDOGRANICHENNOIOBSHCHESTVO,chen et gaur gran i lando noi nor nos ob shche so st st tiu tv uss ven vo
7262,EASTERNISLAMICTURKISTANMOVEMENT,eastern islamic movement turkistan
46503,SERVICECARGOCENTERAO,ao cargo center service
33990,ZVECAN028RADDOO,028 can doo rad zve
41618,CVSADEGROUPDIAMONDATLANTIC,a atlantic cvs de diamond group
26822,IMAMBANDARPETROCHEMICALFARAVARESHCOMPANY,are av bandar company far imam petrochemical sh
49824,SUPERKLICDECVSATIENDAS,as at cde cvs end i kli super
16625,VALLEAlonsoVALLELuis,alonso luis valle valle
13407,IgnacioJuanGASTELUMESPARRAGOZA,ago gastel ignacio juan parr s ume za
44461,LTDPVTSTALLIONSSOUTHERN,ltd pv southern stallions t
51399,COGNITIVEDESIGNPRODUCTIONCENTER,center cognitive design production
42084,LIABILITYLIMITEDTECHNOLOGIESCOMPANYLAND,company land liability limited technologies
44264,GMBHNAIEUROPEKGENERGYCO,co energy europe gmbh kg nai
48073,ROBLEDOMayreAdileneARREDONDO,do ile le may near read redondo rob
49347,VEIHRACATDISDENERSIRKETIITHALATANONIMTICARET,a an at caret cat d de i ihr ii imt is ket ner on sir thal ve
40318,MORINFORMSYSTEMJOINTCOMPANYCONCERNAGATSTOCK,ag at company concern form joint morin stock system
51212,AVIAAVTOMATIKAKONSTRUKTORSKOEOPITNOCOMPANYLIABILITYLIMITEDBUREAU,a akon avtomat bureau company e ik it ko liability limited no op str tors uk via
48809,NUMERICALANYANGCONTROLCOPRESSLTDFORGINGEQUIPMENT,anyang co control equipment forging ltd numerical press
47584,LIABILITYFAWARISLIMITEDCOMPANY,company fa is liability limited war
46664,BEARINGSREDNEVOLZHSKYCOMPANYLIMITEDLIABILITYPLANT,bearings company liability limited ne plant red vol zhsky
23151,LTDMARINEDAWNMANAGEMENTCO,co dawn ltd management marine
9347,CORPORATIONGENERALRYONBONGKOREA,bong corporation general korea on ry
49388,RUSOLOVOCOMPANYSTOCKJOINTPUBLIC,company joint public ru solo stock vo
41179,RLCVDERHDELITMANS,de del it mans rh rlc v
49462,SIRKETITICARETKOCGEMICILIKLIMITEDDISVETASIMACILIK,as care cge d i ili ili imac is it k k ket limited mic sir tko vet
49823,DEMULTISERVICIOSCOMBUSTIBLECVENDEVERACRUZSAMAYE,aye combustible cve de multi nde os sam ser veracruz vici
8595,AhmadMAKKIAbdullahJaffar,abdullah ahmad jaffa ki mak r
18750,SBERBANKCOMPANYLIMITEDCOMPANYLIABILITYINSURANCEINSURANCE,bank ber company company insurance insurance liability limited s
22267,HashimAydarusALHAMIDMuhsin,al dar hamid hashi in may muh s us
45739,DOROZHNYEKOMPLEKSNYEZAVODMASHINY,dma do eza kom lek nye p ro shiny sny vo zh
42456,BHDPASNASNDINTERNATIONALGROUP,b group hd international nas nd pas
48006,COMPANYLIMITEDLIABILITYINTERNATIONALHOLDINGSTEELTMK,company holding international liability limited steel tmk
11914,JuanCABALLEROVELASQUEZDaniel,caball daniel ero juan velasquez
28009,SOCIEDADANONIMAINVERSIONESZANZIBAR,an es i main on sociedad version zanzibar
47269,ESTABLISHMENTANDALGENERALTRADINGSALAMAGENCIES,agencies al and establishment general salam trading
18568,THEROCKETPEOPLESKOREANSTRATEGICOFFORCEARMY,army force korean of peoples rocket strategic the
11610,METALMINERALTRADESARL,a metal mineral rl trades
47469,SOBSHCHESTVOOTVETSTVENNOSTYUOGRANICHENNOIMETALLOOBRABOTKA,bot bra chen chest et h ka loo metal noi nost og otv rani sobs st ven vo yu
33677,PRIMECHEERLTDCORPORATION,cheer corporation ltd prime
51547,LIMITEDPETROLSAOCOMPANYTRANSPORTATIONVIET,company limited petrol sao transportation viet
50316,MAIGEOPROMLIABILITYCOMPANYLIMITED,company geo liability limited mai prom
45000,COMPANYLIMITEDLIABILITYGORNAYAKOMPANIYATAYMYRSKAYA,aym company gor kaya liability limited nayak om pani yat yrs
44661,PEIPTEENERGYLTD,energy ltd pei pte
25435,LINESGULFSHIPPINGPERSIANLTD,gulf lines ltd persian shipping
23892,TRADERMATSUNICHICAOIL,chica mats oil trader uni
18132,DalaithyWendyAMARALAREVALO,amaral are dalai thy valo wendy
47781,COMPANYLIMITEDOILSERVICESLIABILITYTMKFIELD,company field liability limited oil services tmk
49430,LIABILITYCOMPANYELGALOGISTICSLIMITED,company el ga liability limited logistics
27973,SULTANALCOMPANYMONEYTRANSFER,al company money sultan transfer
32492,FayyadAhmadIhsanALHAYES,ahmad anal fay hayes ihs yad
28538,SANOVERASARLPHARMCOMPANY,asar company harm lp over san
39489,DERECSERVISACV,de rec ser v visac
27484,RamonAntonioAVELLANMEDAL,a antonio medal n ramon vella
52179,FONDORGANIZATSIYAPROGRAMMINVESTITSIONNYKHNEKOMMERCHESKAYA,at che fond invest it iz kaya kh mmer neko ny organ programm s si sion ya
52605,TECHNOLOGIESJIANGSULTDCOMPANYENVIRONMENTALKUNYEE,company environmental jiangsu kun ltd technologies yee
47895,LIABILITYHUBCOMPANYINNOVATIONLIMITED,company hub innovation liability limited
38157,INSTITUTEJSCSUBMICRONRESEARCHSCIENTIFIC,institute jsc micron research scientific sub
29861,HOTELMANAGEMENTSYRIANLLC,hotel llc management syrian
40261,DONETSKSITUATIONSOFREPUBLICEMERGENCYOFTHEMINISTRYPEOPLES,donetsk emergency ministry of of peoples republic situations the
43519,LIMITEDPRIVATEARVANNAVYANCOMPANYABR,abr an ar company limited navy private van
47370,INCORPORATEDNSSHIPPINGLEADER,incorporated leader ns shipping
47270,TRADEINVESTMENTSABASRO,a bas investments ro trade
15521,DESARROLLOSSADECVEVEREST,cv de everest rollo s sade sar
29105,TARASTEELTRADINGGMBH,gmbh steel tara trading
45251,MENEDZHMENTLLCMOSENESSET,ed ene llc men ment mos s set zh
45043,LIMITEDTRIBITCOMPANYLIABILITY,bit company liability limited tri
51971,COMPANYPOLARLIABILITYLITHIUMLIMITED,company liability limited lithium polar
50980,HAVACILIKSAVUNMAVETICARETSANAYIANONIMSERKETIMIREX,a a an an c carets hava i i ili im ksa mirex nm on serket vet vu yi
38059,COMPANYLIABILITYLIMITEDRBESTEIT,best company e it liability limited r
49682,OULLCCNTRADING,llcc n ou trading
25961,KABIRKARANNICKELPARS,kabir karan nickel pars
37690,SCIENTIFICCOMPANYCLOSEDPRODUCTIONJOINTSTOCKTOPAZENTERPRISE,closed company enterprise joint production scientific stock topaz
47776,HELILIMITEDINTERNATIONALPROSERVICES,he international li limited pro services
26466,TRAVELSMILEPROPERTYLTD,ltd property smile travel
45553,DOOLIBERTYLAKTASIGLOBAL,as doo global i kt la liberty
32678,GRODNOFACTORYOPENTOBACCOCOMPANYNEMANJOINTSTOCK,company factory grodno joint man ne open stock tobacco
37791,COMPANYTECHNOLOGYJOINTOPENSTOCKRTPROJECT,company join penstock project rt technology to
47619,AVBISLIMITEDLIABILITYCOMPANY,a company is liability limited vb
46643,MACHINERYSINOCOLTD,colt d machinery sino
30588,RamiroGARCIAMarvinAGUILAR,aguilar garcia marvin ramiro
11880,YAGUILARAGUILARLTDACIA,aguilar aguilar dacia lt y
10118,BUSINESSLAKESGREATCOMPANY,business company great lakes
13011,DEHOSPITALARIASAMEDICACVDISTRIBUIDORA,a acv arias de dist dora hospital medic rib ui
52307,GENERALALEXCHANGEHAZMIPARTNERSHIPALCOMPANYHAZMIANDKHALEDBROTHER,al alex and azmi azmi brother change company general h h khaled partnership
7883,ZimamabdalRazzaqMuhammadALSADUN,a abdal als aq dun imam muhammad razz z
45068,COMPANYLIABILITYLIMITEDMV,company liability limited mv
37257,AngelHUERTAMORGANMiguel,angel huerta miguel morgan
13115,SADRAMARINEIRANINDUSTRIALCOMPANY,a company industrial iran marine sadr
12741,FORCESYRIANINTELLIGENCEAIR,air force intelligence syrian
37779,ENTERPRISEPRODUCTIONSTOCKCOMPANYJOINTSCIENTIFICKONTAKT,company enterprise joint kon production scientific stock t tak
51072,MARINEALYASENDIRIANBERHAD,aly as ber end had irian marine
30851,COCOMBINEIRANMANUFACTURING,co combine iran manufacturing
44211,TREIDVOSTOKAOINVEST,ao invest reid t vostok
8407,TARIQSHANABABUCOMMERCETRADEESTFOR,babu commerce est for shana tariq trade
41129,COSCLTDPTYTRADE,c cos ltd pty trade
18795,OTKRYTOENOVOVYATKAAKTSIONERNOEOBSHCHESTVO,a atka e i k kts novo ob one ot rno ry shche st toe vo vy
40817,COMPANYLIMITEDATLASESTATELIABILITYREAL,atlas company estate liability limited real
40498,LinNGBeeSerena,bee g linn serena
7286,VERGELELLTDAGANADERIA,a aga i le ll nader td verge
20904,TROCHEZJoseZULETAOscar,a jose let oscar roche t z zu
52535,COMPANYKERAMAXJOINTSTOCK,a company joint ker max stock
35885,STOCKJOINTGLOBUSBJURORYAZANSKOECOMPANYKONSTRUKTORSKOE,an b company e e globus joint juror ko kon sko stock str tors uk yaz
35349,COMPANYBYUROCORPORATIONRESEARCHANDPRODUCTIONKONSTRUKTORSKOYESTOCKJOINTMASHYNOSTROYENIYA,and ashy by company corporation eni joint k kon m nos oye production research stock str tors troy uk uro ya
52215,COMPANYITALIABILITYTECHNOLOGYLIMITED,a company it liability limited technology
49366,LIMITEDNALCOMPANYSOLUTIONS,company limited nal solutions
32496,RaymundoMARRUFOCABRERAMiguel,cabrera marr miguel mundo ray ufo
11185,SILVAJesusHenrydeRANGEL,de henry jesus rangel silva
49439,LIMITEDLIABILITYKOULSTARCOMPANY,company koul liability limited star
11543,GONZALEZEnriqueHOYOSCarlos,carlos enrique gonzalez hoyo s
51144,SYSTEMSLASERCOMPANYLIMITEDPRECISIONLIABILITY,company laser liability limited precision systems
38376,COLTDTRANSPORTATIONSTORAGEZHONGGUAND,and colt d gu storage transportation zhong
52123,KHANTOSLIABILITYLIMITEDCOMPANYGAZPROMNEFT,company ft gazprom khan liability limited ne s to
33995,METALBINEDELJKOVICPTPSINISA,a bin ed eljko in is metal p tps vic
50140,KONGTRADINGHONGLIMITEDYAYANG,hong kong limited trading ya yang
43273,CONSULTORIABLOCKCHAINLDANOVO,a block chain consul lda novo tori
25783,LINESOFSHIPPINGCHINAIRANREPUBLICISLAMIC,china iran islamic lines of republic shipping
37522,OFELECTROMECHANICSJSCAUTOMATICSINSTITUTEMOSCOWAND,and automatics electro institute jsc mechanics moscow of
51063,ELITLIABILITYCOMPANYLIMITED,company elit liability limited
51670,BANKRFJOINTCOMPANYDOMSTOCK,bank company dom joint rf stock
16651,YolChanuongMANGOKMarial,arial chan km l mango ong u yo
43099,COMPANYJOINTPOLYUSALDANSTOCK,an company joint ld poly stock usa
51161,INDIAPRIVATELIMITEDAVIATIONASCEND,ascend aviation india limited private
49433,LIMITEDLIABILITYCOMPANYELGAUGOL,company el gau gol liability limited
37803,FERRITINSTITUTESCIENTIFICDOMENANDRESEARCH,and do ferr institute it men research scientific
44982,KatarzynaEwaPAWLOWSKAHANAFIN,ewa hanafi katarzyna low n paw ska
46033,LIMITEDCOMPANYKUTUZOVSKIYQUALIFIEDDEVELOPERLIABILITY16,16 company developer iy kut liability limited ovsk qualified uz
11471,MarthaVELASQUEZMUNERAMarina,era marina martha mun velasquez
52297,MuhammadSaidABDALWADUDWail,abd alwa dud muhammad said wail
30583,PierreJosephRichardDUPLAN,an dupl joseph pierre richard
50164,SOTVETSTVENNOSTYUOBSHCHESTVODEVELOPMENTNNOGRANICHENNOI,chen development et gran i n no noi nost ob shche so st st tv ven vo yu
7618,HernandoLuisALVAREZMONTANO,a alvarez hernando luis mont no
44241,GMBHOZEANKGSPEZIALTIEFBAUHORIZONTCO,an co e fba gmbh horizon kg l oz spezia t tie u
50770,SCIENTIFICSTOCKANDAVIONICACOMPLEXPRODUCTIONUSPENSKYMOSCOWOJOINTCOMPANYOFV,a and av company complex ionic joint moscow o of pen production scientific sky stock us v
50351,LIMITEDLIABILITYCOMPANYSOLGROUP,company group liability limited sol
48735,COMPANYPRIVATEASEMANSANATSHARIFPISHRO,an as company em hro is p private sanat sharif
22752,JesusSUAREZRafaelCHOURIO,chou jesus rafael rio suarez
43083,LLEFZEPRIVATEHURIYA,a f hur iy lle private ze
17812,AlcidesMiguelVIVASLANDINO,alcides landi miguel no vivas
19890,OFSTATELIBYAANDISLAMICINIRAQASHSHAM,and ash in iraq islamic libya of sham state
47433,OAOKRASNOARMEYSKIYZAVODMEKHANICHESKIY,a a arm d ey iche khan me no o okras ski ski vo y yz
49724,VANEGASKarenHERNANDEZStefany,any gas hernandez karen stef vane
19811,FayhanAbdallahHadiALANIZISharbanalRahmanAbd,abd abdallah anal fay had han harb iala is niz rahman
9329,IbrahimYasirHasanALTIKRITISabawi,anal has ibrahim saba sir tikriti wi ya
10651,COMERCIALDECVJOANASA,a as co dec joan l mercia v
40765,MARUNSUPPLEMENTALINDUSTRIESCOMPANY,company industries ma run supplemental
28932,CVDEDERLGROUPSCHLAGERSBUSINESS,business cv dede group lagers rl sch
46644,COMPANYLIMITEDBITVANLIABILITY,bit company liability limited van
37489,FaisalYusufAbdallahSABRI,a abdallah bri faisal s yusuf
43237,OOODOMTORGOVYIPROMELECTRONIKA,do electron gov ika mt ooo or prom yi
51667,BANKNATIONALSTOCKSTANDARDCOMPANYJOINT,bank company joint national standard stock
11849,EXPRESSDELTDACARGAMODERNATRANSPORTE,a a car de e express ga ltd modern transport
36012,TICARETASBVEGRUPANONIMSIRKETIENERJISANAYI,a an an careta gr im is j ke ner on sb sir ti tie up ve yi
11484,SADEPANAMACONDORAERONAUTICA,aeronautica condor panama sade
45348,NEWBANGDEYACOTECHNOLOGYJIANGSULTDMATERIAL,a bang co dey jiangsu ltd material new technology
23667,LIMITEDGHANATRADESTAR,ghana limited star trade
44084,SCIENTIFICRUSSIANSCIENCEINSTITUTIONFEDERALCENTERKAZANACADEMYOFFEDERALOFTHECENTERSCIENCESSTATEBUDGETARYRESEARCHOF,academy budgetary center center federal federal institution kazan of of of research russian science sciences scientific state the
30884,YusufSultanHasanALARIF,anal arif has sultan yusuf
43245,COMPANYLIMITEDLIABILITYFEMILIOFIS,company fe is liability limited mili of
49405,LIMITEDCOMPANYLIABILITYKORNET,company et korn liability limited
26077,ALBOSTANISaadMeshalM,aad al alm bo mesh stanis
25698,PaulinaAnaBARAJASSAHD,aba ahd an paulina rajas s
33232,QasabiLARIRidhaAli,abi ali as lari q ridha
16847,COCHARWHITEZHONGCHUANGDALIANLTD,char chuang co dalian ltd white zhong
41258,JoelSALAZARBALLESTEROSAlexandro,alexandro ball ester joel os salazar
31531,OvidioREYESRAMIREZLeonardo,eyes i leonardo or ovid ramirez
26820,PETROCHEMICALBESPARANCOMPANYBANDARIMAM,bandar be company imam paran petrochemical s
52126,REFINERYSTOCKOMSKCOMPANYGAZPROMNEFTJOINT,company ft gazprom joint ne omsk refinery stock
46693,PROMTEKHJOINTCOMPANYSTOCKIRKUTSK,company h irkutsk joint prom stock tek
15951,ALICOMPANYSINABUPETROCHEMICAL,abu ali company in petrochemical s
589,CRYMSASAARGENTINA,a argentina cry msas
22245,TRADEGANGCOQUANSHANGHAI,co gang quan shanghai trade
23707,SHIPPINGACHIMCOKOREA,ac co him korea shipping
52206,LIABILITYAVIALYUKSSERVISCOMPANYLIMITED,a company liability limited rvis se vial yuks
47692,COMPANYLIABILITYLIMITEDMP,company liability limited mp
32731,COMPANYFRONTLIABILITYLIMITEDDUBAIWATER,company dubai front liability limited water
40573,PRIMEANDSECURITYDEVELOPMENT,and development prime security
46048,PRESSMASHLIABILITYASSOCIATIONMACHINELIMITEDCOMPANYBUILDING,association building company liability limited machine mash press
8593,RELIEFAFRICANAGENCYISLAMIC,african agency islamic relief
49817,BAGUETTECVDEKLICSACOMERCIALIZADORA,baguette co csa cv de dora kli liza mercia
42302,OFLIMITEDARTHOUSE,arthouse limited of
51526,LLCGASSERVICEANDOFENERGYOIL,and energy gas llc of oil service
11539,AbdulALVARADORahimImad,a abdul alvar dorah imi mad
40176,PRODUCTIONENTERPRISELLCPRIMARESEARCH,enterprise llc prima production research
47751,JOINTCONTAINERCOMPANYCHEMICALPLANTVERKHNYAYASALDASTOCK,chemical company container joint kh nyaya plant salda stock ver
24977,TECHNOLOGYYANBIANNETWORKCOLTDSILVERSTAR,bian colt d network silver star technology yan
7874,HassanALSADIAmirHamudi,a als diamir ham hassan udi
47574,SYSTEMSJOINTSPACECOMPANYSTOCKGAZPROM,company gazprom joint space stock systems
23133,EnriqueCUEVASQUINTEROCarlos,carlos cueva enrique o squinter
44879,BUILDINGPLANTMACHINECOMPANYTONARLIMITEDLIABILITY,building company liability limited machine nar plant to
40942,AGAKUSSWISSTEC3D,3 a d gaku s swiss tec
21114,SAFOLKLORCANTINAYDECVRESTAURANT,a dec folk lorca nay nti restaurant s v
48823,VEDISTICARETASAYICLIMITEDSIRKETI,careta i ic is ket limited say sir ti ved
47177,FarajALHAMIDAWIMuhsinAwqad,a a ad far hamida in jal muh s wi wq
11481,LOSSANTOSAGROGANADERASA,a a a as der grogan los santos
48486,PROJECTSTOCKSEACOMPANYJOINT,company joint project sea stock
10271,JesusALVAREZFredyDELRIOde,alvarez de del fred jesus rio y
49393,LIABILITYPRAVOURMISKOECOMPANYLIMITED,company e ko liability limited mis our p rav
47342,MuhammadFadlAbdALNABI,abdal fadl muhammad nabi
50342,YAKUTIALIQUIFIEDCOMPANYLIMITEDLIABILITYNATURALGAS,a company gas kuti liability limited liquified natural ya
37797,AKTSIONERNOEPROMYSHLENNOGOINSTITUTISSLEDOVATELSKIINAUCHNORASTROBSHCHESTVOTELEVIDENIYA,a a astro auch b den ep go hlen i in institut is iy kts l levi no nor one ovate rno romy s shche ski sled st vote
46823,LIMITEDTECHNOLOGY5CO,5 co limited technology
50969,LIABILITYLIMITEDISONORBITALRESEARCHCOMPANYDYNAMICSINSTITUTION,company dynamics institution is liability limited on orbital research
47995,LTDMAIWECOMMUNICATIONCOWUHAN,co communication ltd mai we wuhan
7324,MOROCCANGROUPCOMBATANTISLAMIC,combatant group islamic moroccan
36098,JOINTCOMPANYSTOCKSUDOEXPORT,company export joint stock sudo
7167,AMEZQUITAMariaFREGOSOAntonieta,a antonie ego fr maria mezquita so ta
35875,810REPAIRJOINTSTOCKAIRCRAFTPLANTCOMPANY,810 aircraft company joint plant repair stock
52207,COMPANYLIMITEDLITHIUMIONLIABILITY,company ion liability limited lithium
46676,VOLGOGRADPROMPROEKTLIABILITYCOMPANYLIMITED,company ek liability limited pro prom t volgograd
12418,GonzaloGermanREYSANCHEZ,german gonzalo rey sanchez
50240,DESIGNMACHINECHEMICALOFBUREAUKBKHMBUILDING,building bureau chemical design kb kh m machine of
9541,LTDSIAMCOMPANYNICE,company ltd nice siam
49924,SHENZHENTECHNOLOGYRIONLTDCO,co ltd rion shenzhen technology
47539,IT1LIMITEDCOMPANYDIGITALSOLUTIONSLIABILITY,1 company digital it liability limited solutions
18769,HIGHJSCSYSTEMSNPOPRECISION,high jsc n po precision systems
49520,LIABILITYSERVICESAEROSTAGECOMPANYLIMITED,aero company liability limited services stage
41058,LIMITEDLIABILITYCOMPANYRUDNIY,company liability limited ni rud y
12087,ManuelDUQUERAMIREZCarlos,carlos duque manuel ramirez
44878,AUTOMOTIVEMOSCOWMOSKVICHSTOCKJOINTFACTORYCOMPANY,automotive company factory joint k mos moscow stock vich
47856,BUREAUCONSTRUCTIONSYSTEMSOFINTEGRATEDLIMITEDLIABILITYCOMPANY,bureau company construction integrated liability limited of systems
47479,COMPANYMOSCOWLIMITEDARMSCOMPANYLIABILITY,arms company company liability limited moscow
45006,RUSSIANLLCENERGYGROUP,energy group llc russian
46435,AKTSIONERNOEOBSHCHESTVOKOMMERCHESKAYAALKORPROIZVODSTVENNAYAMNOGOPROFILNAYAFIRMAZAKRYTOE,a a che dst e firma go i il iz kaya kom kts lk mer mno naya naya ob one or pro prof rno ry s shche st toe ven vo vo zak
19769,KhalifaGHAWILMohamedAhmed,a ahmed gh khalifa mohamed wil
46720,GOLDSIBERIANTRANSLIMITED,gold limited siberian trans
43130,COMPANYLIABILITYSHIPPINGARCTICNEWLIMITED,arctic company liability limited new shipping
47572,GRUPPAKTSIONERNOENAVISOBSHCHESTVO,chest e gr h navi one pak rno sobs tsi up vo
49317,FARADCOMPANYLIMITEDLIABILITY,company farad liability limited
45993,LIMITEDREKLAMACOMPANYRADIOVOLOGDALIABILITY,company gda k lama liability limited o radio re vol
12416,DeysiMOLANOTORRESYamile,dey imola mile no s torres ya
48261,STARPIONEERBENCONTESTATEREAL,ben conte pioneer real star state
8262,BRANCHNETHERLANDSTHEALHARAMAIN,al branch hara main netherlands the
52099,EXPERTCOMPANYLIMITEDTRADINGSIAM,company expert limited siam trading
52473,MEDIALTDSEERESEARCH,ltd media research see
50321,QUANTUMLIABILITYCOMPANYLIMITED,company liability limited quantum
46915,MuhammadALSAYYIDSarahJamal,al jamal muhammad sarah sayyid
10640,DESAPATRACACV,acv c desa patra
52689,DANISMANLIKSIRKETIGAYRIMENKULATLASNOBLEANONIM,an atlas dan i im is ksi kul li man men noble on rke tiga yr
23365,JoseLEONEMiguelMARTINEZ,jose leone martinez miguel
47429,OTVETSTVENNOSTYUVIKTORIYASOGRANICHENNOIOBSHCHESTVO,a chen et gran i iy noi nost ob otv shche so st st ven viktor vo yu
48048,AdrianJorgeORTEGAGALLEGOS,adrian gallegos jorge ortega
48483,ZAPADCOMPANYINTEGRALSTOCKJOINT,ad company integral joint stock zap
52816,SHIPLIMITEDMARSHALPRIVATEMANAGEMENT,limited management marshal private ship
51180,INTERCOMPANYGROUPPODSHIPNIKLIABILITYLIMITED,company group inter liability limited nik pod ship
28296,REPUTABLELLCTRADINGSOURCE,llc reputable source trading
44884,DOOPODROCJUNATEHNOLOGIJEARKTECELEKTRONIKE,ark doo ek el ije ike juna log no pod roc tec teh tron
49206,HUASHENGCOINDUSTRYSHENZHENLTD,co hua industry ltd sheng shenzhen
49484,YURSKILIMITEDLIABILITYCOMPANY,company liability limited r ski yu
39678,MANAGEMENTLIMITEDSHIPEXPANSE,expanse limited management ship
26746,BVBAVOLTRATRANSCORENERGY,a bvb energy nsc or ratra volt
19389,ELDINEZAHERHamdi,di e eza ham her ldin
15968,GLOBALCOLTDSEALINE,colt d global line sea
46793,TRADINGMANDS,and m s trading
23777,HONGKONGHUAXINLTDSHIPPING,hongkong hua in ltd shipping x
49830,TECHNOLOGICALLIMITEDSYSTEMSZVIGENI,geni limited systems technological vi z
45922,COMPANYLIABILITYALFAKOMPONENTLIMITED,alfa company kom liability limited nt pone
49796,CVSADEPERMISIONARIOSTRAVER,a cvs de iona is perm rio stra ver
48734,PRIVATECOMPANYALVANDSANAYEMOTORSAZI,a a and aye company lv motors private san zi
23479,SYSTEMARMANNAMADPARDAZAN,an anna arm daz mad par system
20905,PERALTAEferJoseHIGUITA,a e fer hig it jose peralta u
42716,AFTEROFOILGROZNYEDUCATIONALSTATEHIGHERMDTECHNICALINSTITUTIONNAMEDSTATEFEDERALMILLIONSHCHIKOVEDUCATIONUNIVERSITYBUDGETARYACADEMICIAN,academician after budgetary chi education educational federal gro higher institution kov md million named ny of oil sh state state technical university z
30547,POLICEMINSKUNITPURPOSESPECIAL,minsk police purpose special unit
19184,RIVIERAPANAMASALA,panama riviera sala
45939,LIABILITY2COMPANYLIMITEDDECISIONSINVESTMENT,2 company decisions investment liability limited
23048,RadwanAliMuhammadQANANHusayn,ali an an husayn muhammad n q radwa
44787,DISANKASANAYISIRKETIVEICLIMITEDINSAATTICARETLOJISTIKPORT,a are asana attic di ic in is ive ket limited oj port s sank sir tik tl yi
28230,YSERVICIOSDEINDUSTRIASCONSORCIOSAAERONAUTICASVENEZOLANOAEREOS,a aere aeronautica cio cons de e indus no or os os s ser sven trias vici y zola
46006,LIABILITYLIMITEDCOMPANYOMP,company liability limited mp o
49002,HamidOsmanMohamedMOHAMED,hamid mohamed mohamed osman
35024,ASSETLLCVEBRFMANAGEMENT,asset brf llc management ve
47538,LIABILITYCOMPANYLIMITEDGPBIT1,1 bit company gp liability limited
12206,TTPTEHRIKETALIBANPAKISTAN,ke p pakistan taliban tehri tt
26397,DALAIvanHERNANDEZRafael,dalai hernandez rafael van
30423,GuillermoCarlosAGUSTINSAN,agustin carlos guillermo san
40657,MININGNOENTERPRISE2,2 enterprise mining no
11884,ShabibKhalafALDULAYMIAhmad,a ahmad du fal habib khal lay mi s
21072,CVBOUNGALOWSVILLAAZULDESA,azul bou cv desa lows nga villa
47813,COMPANYJOINTUZHURALZOLOTOOFPUBLICSTOCKCOMPANIESGROUP,companies company group joint lo of public stock to u ural zh zo
48484,LIMITEDLIABILITYLASERFORMCOMPANY,company form laser liability limited
27943,EMPRENDIMIENTOSMISIONESINMOBILIARIOSSA,a a em i in mien misiones mobil ndi pre rios s s to
50534,BeatrizRODRIGUEZRODRIGUEZCaryslia,a atri be cary rodriguez rodriguez sli z
9387,CVDESACOMERCIALIZADORAAMIA,a co cv desa dora liza mercia mia
50407,LIMITEDTECHSTROYKOMPLEKSCOMPANYLIABILITY,company kom ks liability limited ple techs troy
28650,COANDIMPORTSUNLTDEXPORTDALIANGOLDEN,and co dalian export golden import ltd sun
33234,AbdAbdSHAMSAlRahmanAlNabi,abd abd al al nabi rahman shams
10650,DECVSASINMEXIMPORTADORA,a as dec dora import in mex vs
25634,DIDARTOSEEHOLDINGCOMPANYIRANIAN,ar company did holding iranian see to
8251,GONZALESZEVALLOSMaritzaLupe,all gonzales itza lupe osmar zev
21091,GRUPOEMPRESARIALFCCVSADE,a cvs de em grupo lfc pre saria
7870,MizbanIbrahimALAZZAWIHikmat,a at aw ban ibrahim ihi km la miz zz
49930,ROYOCOTECHNOLOGYSHENZHENLIMITED,co limited o roy shenzhen technology
49942,COMPANYDRONOPORTLIABILITYLIMITED,company dr liability limited ono port
24545,FINANCEALBILADINVESTMENTANDBANKISLAMICFORPSC,albi and bank c finance for investment islamic lad ps
51427,STOCKAKTIVJOINTCOMPANY,a company iv joint kt stock
45953,COMPANYLIMITEDAEROSCANLIABILITY,aeros can company liability limited
48545,STOCKMANELJOINTCOMPANY,company el joint stockman
51081,LIMITEDLIABILITYCOMPANYEKVIK,company ek k liability limited vi
18321,TRADINGSTATESEAPORTFEODOSIAENTERPRISE,enterprise fe odo seaport sia state trading
47993,GAMATICARETSANAYILIMITEDSIRKETIICDISVEOLIMPIK,a amati an carets cd g ii is ket limited olimpik sir ve yi
11487,GUADALESTGRUPOSACVDE,acv dale de grupo gua s st
46815,CatrionaBEUNKimberleyLucinda,a be cat kimberley lucinda rion un
7879,IbrahimHassanALTIKRITIWatban,al ban hassan ibrahim tikriti wat
50246,COMPANYSTRATIMJOINTSTOCK,company joint stock stra tim
50304,WHITEFZCOFOXSHIPMANAGEMENT,co f fox management ship white z
44603,MahamudALIYANIHASSANAhmed,ahmed ali hassan i maha mud yan
47516,BYSTROBANKCOMPANYPUBLICSTOCKJOINT,bank by company joint public s stock tro
26413,DRUGLAUNDERINGGOLDPHARMATRAFFICKINGORGANIZATIONMONEY,a drug gold harm laundering money organization p trafficking
4710,GENERALFORCOMMANDOFPALESTINEPOPULARLIBERATIONTHEFRONT,command for front general liberation of palestine popular the
11552,EnriqueORDONEZJorgeRINCON,done enrique jorge on or rinc z
23896,CONTROLSECURITYCAGROUPPLM,ca control group plm security
34990,RADARRADARMANAGINGKBHOLDINGOJSCCOMPANYSYSTEM,company holding jsc kb managing o radar radar system
49363,LIMITEDCOKONGTAVITHONG,co kong limited tavi thong
46750,GEOLOGICALCOMPANYSTOCKCHUKOTKAJOINTCOMPANYMINING,chu company company geological joint kotka mining stock
28174,BLUEDIAMONDSALOFFSHORESTAR,al blue diamonds offshore star
25464,COTWELFTHGMBHKGOCEAN,co gmbh kg ocean twelfth
10391,GUARDISLAMICCORPSREVOLUTIONARY,corps guard islamic revolutionary
48613,BIMLOGICLIMITEDCOMPANYLIABILITY,bim company liability limited logic
11554,UPEGUIAntonioFranciscoFLOREZ,antonio e flore francisco gui up z
47780,COMPANYRIMERALIABILITYLIMITED,company era liability limited rim
47698,LTDANDHESENIMPORTEXPORTGUANGZHOUCO,and co export guangzhou he import ltd sen
48654,TECHNOLOGIESJOINTCOMPANYSTOCKK,company joint k stock technologies
49944,GRANOBYEDINENIENAUCHNOPROIZVODSTVENNOE,auch by dst e ed en eni gra in iz no no no pro ven vo
45380,GUANLANGLTDHEBEICOBIOTECHNOLOGY,biotechnology co guan hebei lang ltd
26606,GROUPLAFLORIDALLCINVESTMENTS,florida group investments la llc
17237,ROOYANTECHPARSJAHAN,jahan pars roo tech yan
52136,NEFTOSOOGAZPROMAZIYA,a f gazprom ne soo to ziya
41178,CVPRODUZIONIDEDEPECASRL,as cvp de onide pec rl rod uzi
47287,MACIASVILLAMARJoseAdolfo,adolfo as i jose mac mar villa
45026,DESIGNCOMPANYJOINTSTOCKNOVATORBUREAUEXPERIMENTAL,at bureau company design experimental joint nov or stock
50741,NAUCHNOKAISANTPROIZVODSTVENNOEOBYEDINENIELIABILITYLIMITEDCOMPANY,auch bye company dine dst eo iz kai liability limited n nie no no pro sant ven vo
48800,TEKNIKLIMITEDNASIRKETIHAVACILIKVETICARET,caret i iha ili k ket limited nasir nik tek vac vet
33283,BELARUSOFDEPARTMENTINVESTIGATIONSOFTHEOFFINANCIALTHECOMMITTEESTATEREPUBLICOFCONTROL,belarus committee control department financial investigations of of of of republic state the the
25658,ANDPRODUCTIONINDUSTRYRAWEXPLORATIONMATERIALSCOMPANYNUCLEAR,and company exploration industry materials nuclear production raw
51467,STOCKCOMPANYJOINTBANKSINARAPUBLIC,banks company inara joint public stock
51962,COMPANYLIABILITYLIMITEDPETROENGINEERING,company engineering liability limited petro
12696,BANKOFLANDEAST,bank east land of
47543,SERVICEPLATFORMCOMPANYLIMITEDLIABILITY,company liability limited platform service
43070,LEADINGGRANITANDPRODUCTIONENTERPRISETECHNICAL,and enterprise granit leading production technical
48844,LIMITEDCOMPANYLIABILITYPROIZVODSTVENNOAPRIORIKOMPANIYATORGOVAYA,a company dst go iz kom liability limited no or pani priori pro vaya ven vo yat
44984,KOMPANIYALIMITEDPUTORANSKAYALIABILITYGORNAYACOMPANY,an company gor kaya kom liability limited naya or pani put s ya
46682,LIABILITYLIMITEDPROMTEKHPOSTAVKACOMPANY,a company h liability limited post prom tek vka
48518,PRIBOROVAKTSIONERNOEPOLUPROVODNIKOVYKHZAVODOBSHCHESTVOBOLKHOVSKII,a bol boro d dob epo ii kh khz lu niko one ovsk pri provo rno shche st tsi vak vo vo vy
50145,HIDALGOJuanPANDARESCarlos,carlos hidalgo juan panda res
52010,COZUOFUSHANGHAILTDXUANWUSEAFREIGHT,co freight ltd of sea shanghai u wu xuan zu
11485,PANAMADEGRUPOFALCONSA,a de falcons grupo panama
15000,MEZATRAFFICKINGDRUGFLORESORGANIZATION,drug flores meza organization trafficking
12188,CIRCUITODEELECTRONICOCVSA,a circuito cvs de electronic o
45010,KOMPANIYAENERGETICHESKAYACOMPANYLIMITEDLIABILITYSEVERNAYA,aya company energetic he kaya kom liability limited pani s severn ya
52494,STOCKPLANTCOMPANYTENTHBEARINGJOINT,bearing company joint plant stock tenth
34179,GONGCHUANGCOTECHNOLOGYLTDWUHANYUANCHENG,cheng chuang co gong ltd technology wuhan yuan
51541,RNLIMITEDLIABILITYCOMPANYSERVICE,company liability limited rn service
51593,OILLIMITEDGARANTCOMPANYSERVICELIABILITY,ant company edgar liability limit oil service
7651,OFTHEREPUBLICILIRIDAARMYOF,army ili of of republic rida the
6823,PATINOJulioVictorFOMEQUE,fo julio me no pati que victor
13008,FORTIADETURISTICOSSACVDESARROLLOS,acv de de for oss rollo s sar tia turistic
19234,DeliaLIRASOTELOAlma,alma delia elo liras ot
32891,MahmoodALRashidAmurHABSI,al amur habs i mahmood rashid
18822,SPRAGRICOLADETAVORL,agricola av det orl spr
34439,SALAMALTRAVELFORTOURISMDAR,al dar for salam tourism travel
11810,DUARTECARDENASConstanzaNorma,cardenas con duarte norma stanza
10692,MohammadAhmedBAHAZIQMahmoud,ahaz ahmed b iq mahmoud mohammad
45081,EbrahimAhmedALSHOFAAliAbdulnabiM,a abdul ah ali brahim e h m medals nabi of
21573,CONSTRUCTORASADECVVANIA,a as constructor dec v vania
47890,COMPANYLIABILITYLEDAMENCOMPANYLIMTEDINTERNATIONAL,a company company international led liability lim men ted
32179,SONSEXCHANGECOSWAIDFORAND,aid and cos exchange for sons w
50017,THERUSSIANINSTITUTIONINSTITUTETHE27STATEOFOFRESEARCHMINISTRYGOVERNMENTALOFCENTRALDEFENSEFEDERALFEDERATION,27 central defense federal federation governmental institute institution ministry of of of research russian state the the
49421,LIABILITYELGALIMITED2MININGCOMPANY,2 company el ga liability limited mining
28121,VELCOMDOOBEOGRADTRADE,beograd com doo trade vel
52247,OBSHCHESTVODOMINIKSOGRANICHENNOIOTVETSTVENNOSTYU,chen dominik et gran i noi nost ob otv shche so st st ven vo yu
44599,SERVICESANDFIDELISLOGISTICSUPPLY,and fidelis logistic services supply
50364,SIRKETIELEKTRONIKKAYRALIMITED,a ayr ikk ke lek limited sir tie tron
50317,LIMITEDLIABILITYMINTCOMPANY,company liability limited mint
46714,PROMTECHNOCERTNONPROFITAUTONOMOUSANDORGANIZATIONTESTINGCERTIFICATIONCENTER,and autonomous center cert certification nonprofit organization prom techno testing
30217,INSTITUTERASANEHGOSTARBAYAN,bayan go institute neh rasa star
37804,RESEARCHSTOCKANDMATERIALSCOMPANYINSTITUTESCIENTIFICELECTRONICJOINTOFENGINEERING,and company electronic engineering institute joint materials of research scientific stock
42184,LIABILITYNOVELCOCOMPANYLIMITED,co company liability limited novel
37049,MGFLOTCOMPANYLIMITEDLIABILITY,company gf liability limited lot m
10626,SANCHEZBlancaAGUIRREArmida,aguirre arm blanca ida sanchez
24668,HOLDINGSTRANSINTERNATIONALBVAFRICAN,african b holdings international trans v
28295,STEELCOIRONIRANIANGHADIR,coiron g had ir iranian steel
7308,HURTADOROMEROJairoJose,hurtado jair jose o romero
36421,RUTARGETLIMITEDLIABILITYCOMPANY,company liability limited ru target
15785,LOERAVILLEGASJuanCarlos,carlos era juan lo villegas
46686,INSTITUTENONPROFITANDAUTONOMOUSOFORGANIZATIONMARINEROBOTICSINSTRUMENTATION,and autonomous institute instrumentation marine nonprofit of organization robotics
51985,LIABILITYLIMITEDRIGINTELCOMPANY,company intel liability limited rig
26083,MALHAWSAWIAbdulazizMohammed,abdulaziz haw mal mohammed sawi
43238,ALTERNATIVALIABILITYCOMPANYLIMITED,a alter company iv liability limited nat
10005,CANOCAGUDELOSEN,agudelo can oc sen
8212,STATECOMPANYALHUDAFORRELIGIOUSTOURISM,al company for huda religious state tourism
39165,JOINTCOMPANYELEMENTSTOCK,company element joint stock
42317,SERVICESLOGISTICSANDBUSHRABACHIRSHIPPINGLLC,and bach bush ir llc logistics ra services shipping
50015,COMPANYLIMITEDNPKLIABILITYTESART,art company k liability limited np tes
11913,NATIONALBANKGAZAOFISLAMIC,bank gaza islamic national of
42328,COHKLIMITEDVOHOMTECHNOLOGY,co hk hom limited technology vo
39819,AEONIANCOKONGLIMITEDCOMPLEXHONG,aeon co complex hong ian kong limited
18087,AGCARLONSACVDE,acv ag carl de on s
51139,ARSENALCOMPANY63STOCKJOINT,63 arsenal company joint stock
39148,OFPHYSICSOFTHEANDTECHNOLOGYFEDERATIONASCIENCERUSSIANACADEMYOFINSTITUTEINSTITUTIONVALIEVASTATESCIENCESKNAMEDFEDERALFINANCEDAFTER,a academy after and eva federal federation financed institute institution k named of of of physics russian science sciences state technology the vali
47652,SOBSHCHESTVO1AOGRANICHENNOIOTVETSTVENNOSTYU,1 aog chen chest et h noi nost otv rani sobs st ven vo yu
7854,ALTIKRITIMuzahimHassanSab,al hassan him mu sab tikriti za
39319,AdonayCARIASARCHAGAYulan,a a arch as cari do gay nay ulan
17150,BASIRHAWALAHAJIANDCOMPANYZARJMIL,a and ba company haji haw j la mil sir zar
23712,KOREASHIPPINGCOSAMJONG,co jong korea sam shipping
48658,JOINTRESEARCHANDSTOCKMCOMPLEXCOMPANYPRODUCTIONALPHA,alpha and company complex joint m production research stock
25760,CVDESABOUTIQUEJAFIELA,afi boutique cv desa ela j
17025,CarlosVALLEJOMESAJuan,carlos juan mesa vallejo
12868,AliKARIMAbdulALI,abdul ali ali karim
48836,MarinFrancisPIDOUKOUAbbePasaman,a abbe francis kou man marin pas pido u
48693,COMPANYYARSPETSPOSTAVKALIABILITYLIMITED,a company liability limited pets post s vka yar
51175,LIMITEDSIRKETITICARETDISLOGEXLOJISTIKMASSANAYIVE,care i is is it ive ket limited loge massa nay oj sir td tik xl
45047,LIMITEDCOMPANYSTATUSLIABILITYCOMPLAINS,company complains liability limited status
51766,KRONACOMPANYLIABILITYBANKLIMITED,bank company krona liability limited
47548,BEZOPASNOSTISOTVETSTVENNOSTYUOBSHCHESTVOPRAKTICHESKOISISTEMYOGRANICHENNOI,a bezopasnosti chen esko et ich is is kt noi nost ob opr rani shche so st stv tem tv ven yog yu
15226,KHAMISMohammadDeebImad,bi dee khamis mad mohammad
10654,DESAJALSINCOMERCIALIZADORACV,co cv desa dora in jal liza mercia s
13028,BENGOECHEAJoseAntonioUrruticoechea,a a antoni be ec ec he he jose ngo our r utico
52093,EFSUPRIMIKSOSOO,e fsu ik prim so soo
45059,REDMETKONTSENTRATLIMITEDCOMPANYLIABILITY,company kon liability limited met rat red sent t
11245,CVFARMACIADESAJERLYNE,a cia cv desa farm jer lyne
51271,AlfredNANEZNAZARETCONTRERASFreddy,alfred are contreras freddy na naz nez t
28182,COMPANYREALESTATEALYUMUNSAL,al al company estate real uns yum
26468,CANADALTDSMILETECHNOLOGIES,canada ltd smile technologies
44467,PROPERTIESJAZEERALTDPVT,jazeera ltd properties pv t
19493,INDUSTRYMINISTRYOFATOMICENERGY,atomic energy industry ministry of
45256,PETROCHEMICALLLCTRADINGJEP,ep j llc petrochemical trading
47817,PLANTMETALLURGICALSTOCKJOINTCOMPANYSAMARA,company joint metallurgical plant samara stock
16533,AVIATIONFZESKYCOBLUE,aviation blue co f sky ze
18770,ELECTRONICSSTOCKOPENCOMPANYJOINTRUSSIAN,company electronics joint open russian stock
32120,COMPANYBOVAEOOD,b company e ood ova
48813,LIMITEDLIABILITYTRANSSTROYCOMPANY,company liability limited s trans troy
10012,HYOKSINCORPORATIONKOREATRADING,hyo incorporation korea ks trading
8207,HADDADBenBenAssenSalemFethi,assen ben ben dad fet had hi salem
50300,INDUSTRIALTECHNOLOGIESFRANCEGROUP,france group industrial technologies
37427,EXHIBITIONSARLUNITEDCOMPANYINTERNATIONAL,a company exhibitions international rl united
48622,TRADECOSOURCETIANJININTERNATIONALCREATIVELTD,co creative international ltd source tianjin trade
50158,NORILSKIOTVETSTVENNOSTYUOBESPECHIVAYUSHCHIKOMPLEKSOGRANICHENNOIOBSHCHESTVOS,chen chi et gran hi i i kom lek noi norilsk nost ob obe otv p sh shche so spec st st vayu ven vos yu
15842,MORALESJairoEstuardoORELLANA,ar do jai morales orellana roe stu
52208,LIABILITYCOMPANYLIMITEDAPEKSGRUP,a company liability limited pek sgr up
16623,VALLEArnulfoMiguelVALLE,learn miguel o ulf val valle
45588,PRECISIONANDRESEARCHPLANARHOLDINGSFORENGINEERINGPRODUCTION,and engineering for holdings planar precision production research
9408,DORADOSDEEXPRESSCVAUTOSA,a autos cv de dorados express
47870,COMPANYMEKHANIKAJOINTSTOCK,company ika joint khan me stock
47129,HERZALLAHANDSAMIREXCHANGEANDMONEYFORREMITTANCESBROTHERS,allah and and brothers exchange for herz money remittances samir
26694,MONTSERRATAlbertoJorgeARREAZA,alberto ar aza jorge montserrat re
11531,COSTILLAEduardoJorgeSANCHEZ,costilla eduardo jorge sanchez
40983,PLASTICMATERIALSTRADINGLLCBORDO,bor do llc materials plastic trading
47596,PRESSANDFORGEJOINTCHELYABINSKPLANTPUBLICCOMPANYSTOCK,and chelyabinsk company forge joint plant press public stock
48877,MUROMCOMPANYBUREAUDESIGNSPECIALSTOCKJOINT,bureau company design joint m muro special stock
17122,FlorindoEleuterioFLORESHALA,do ele flores florin hala o uteri
11949,PARRAAngelSOTOMiguel,a angel miguel parr so to
45982,DAFENGCOLLCASIA,asia c coll da feng
11833,PedroCASTILLOGUERREROOliveiro,castillo guerrero i olive pedro ro
36425,LIABILITYCOMPANYBARUSLIMITED,baru company liability limited s
47840,HOMEBUILDERPUBLICPIKSTOCKSPECIALIZEDCOMPANYJOINT,builder company home joint k pi public specialized stock
51216,ETOPLIMITEDCOELECTRONICSHK,co e electronics hk limited top
11909,CAMPEROSRENTALTDAURABA,aura ba camp eros rental td
11701,WASHESTETICACVSADECAR,a car cvs de he ste tica was
12423,CASTILLODarioDanitDORIA,castillo dan dario doria it
13173,AntonioFranciscoCOLORADOCESSA,a antonio ces colorado francisco s
52599,OPTICALGLASSJOINTSTOCKPLANTCOMPANYLYTKARINO,company glass joint kari ly no optical plant stock t
51281,FASTEIRLIABILITYLIMITEDCOMPANYINTERNESHNL,company eir fast hnl internes liability limited
46849,AbdulASANNihatKadir,abdul an as atka dir nih
34120,RuknooddinShaheedBHOREMohammed,bh in kno mohammed odd ore ru shaheed
10365,CVJAMAROCONSTRUCTORESDESA,amaro constructor cv desa es j
49997,JOINTSPECIALFORCOMPANYSTATE31DESIGNSTOCKINSTITUTECONSTRUCTION,31 company construction design for institute joint special state stock
49969,LIMITEDINCSHOREBRIGHT,bright inc limited shore
8315,ALATRUSHMirzaUmaralWahhabAbd,abd al al at mirza rush umar wahhab
35865,MOLOTAKTSIONERNOEZAVODELEKTROMEKHANICHESKIIOBSHCHESTVOPETROVSKII,a de eza i i kha kii kts lek lot mo niches ob one petrov rno rome shche ski st t vo vo
31675,OFOFOBLASTCOMMITTEEINTERNALEXECUTIVEBRESTDIRECTORATEAFFAIRSTHE,affairs brest committee directorate executive internal oblast of of the
41661,CVMXDEBUSSINESCORPORATIVOSAINSIDER,a bus corpora cv de insider mx sines ti vos
29120,LIMITEDCOMMODITIESJIANGTRADEJIAYISMALLCOMPANYZHE,commodities company jia jiang limited small trade yi zhe
51466,NEZAVISIMYIREGIONALNYIOBSHCHESTVOAKTSIONERNOEAGENTSTVOREGISTRATOR,agents at avi e egis nez nyi oak ob one or or regional rno shche sim stv tr tsi tv yi
10381,SALAZARCAZAREZVictorEmilio,aza c emilio rez salazar victor
40933,LIMITEDDISNAABSIRKETIKIMYATICARET,aab at caret d i isn ke limited my sir tiki
41664,RESGUARDOCVSASERVICIOSINTEGRALESVALORESDERSVIYDE,as cvs de de er es guard integral iy o os res rsv s valore vici
7473,RIYADUSSALIKHINRECONNAISSANCESABOTAGEANDTHEMARTYRSOFCHECHENBATTALION,ali and battalion chechen khin martyrs of reconnaissance ri sabotage the uss yad
4108,MiguelOREJUELARODRIGUEZAngel,angel jue la miguel ore rodriguez
49169,SHIPYARDBELOGORODSKAYALIMITEDLIABILITYCOMPANY,be company kaya liability limited logo rods shipyard
52262,OFARMEDPEOPLESTHE53THEMINISTRYDEPARTMENTFORCESOF,53 armed department forces ministry of of peoples the the
50430,COMPANYFZELIABILITYGOLIMITEDSERVICES,company f go liability limited services ze
48906,LIMITEDBELLUGASIRKETIVEICTICARETDIS,bell care i ict is ive ket limited sir td uga
37770,LIMITEDLIABILITYALFAINVESTCOMPANY,alfa company invest liability limited
13346,ORDONEZAlirioHermesCASANOVA,casanova done hermes i or rio zal
46471,JOINTCOMPANYSTOCKALEVKURPOPEN,a company joint kur lev n pope stock
47507,PIPECOMPANYPOLYMERPLANTLIMITEDLIABILITY,company liability limited pipe plant polymer
34957,FZEFANIOILTRADING,ani f oil trading zef
42204,TRANSLINEINVESTLIMITEDCOMPANYLIABILITY,company invest liability limited line trans
36517,AKTSIONERNOEINZHINIRINGOVAYAOBSHCHESTVOKORPORATSIYANATSIONALNAYA,a at e i i i in ional kts naya ob ok one or po rats ringo rno s shche stv vaya yan zhin
51275,SIRKETIENDUSTRITICARETICONIHRACATLIMITED,a caret cat dust i icon ihr ke limited rit sir tien
24812,INFANTRYDIVISION33RDARMYTHEOFLIGHTBURMESE,33 army burmese division infantry light of rd the
35894,COMPANYENGINEERINGJOINTPRODUCTIVESTUPINOENTERPRISESTOCK,company engineering enterprise joint no productive s stock tupi
47853,GOLDGEYSERLIABILITYLIMITEDCOMPANY,company geyser gold liability limited
52227,SNABDZHETLIABILITYCOMPANYLIMITED,company dz he liability limited nab s t
47771,COMPANYLIMITEDSERVISRIMERALIABILITY,company era liability limited rim rvis se
46468,AliAlAbedBARAKARahman,alia baraka bed la rahman
38060,DALNEVOSTOCHNAYALIABILITYAVIAKOMPANIYAKSMCOMPANYLIMITED,a company dal evo kom liability limited m n naya pani stoch via yaks
35890,COMPANYPMREDUCTORJOINTSTOCK,company duct joint or pm re stock
34279,ENTERPRISENEGOCIOSCOMERCIOEEIRELIMOVEISINTERMEDIACAODEDE,cao cio comercio dede e eir eli enterprise go intermedia is move ne s
13358,LuisGerardoCARDONAIBARRA,barra cardona gerardo i luis
48543,MCOMPANYTREALLIMITEDLIABILITY,company liability limited m real t
33878,DOODOLLYBEOGRADNOVIBEOGRADBELL,bell beograd beograd dolly doo novi
34538,BANKVENTUREJOINTVIETNAMRUSSIA,bank joint russia venture vietnam
11418,UNIDOSSELVAAEREOSTRANSPORTESSAAMAZONICA,a aere amazon elva ess ica os s transport unidos
40992,KAMBIZPARTNERSANDNABIZADEHEXCHANGE,and biz deh exchange kam nabi partners za
48948,LIMITEDTRADINGHORIZONSNEW,horizons limited new trading
45778,DISSIRKETILIMITEDSMARTGROUPVETICARETTECHNOLOJISTIK,caret d group i i is is j ket limited lo sir smart techno tik vet
52235,LIABILITYPROIZVODSTVENNOENEVAAPPARATCOMPANYPREDPRIYATIENAUCHNOLIMITED,a appa auch company dpr dst en eva iy iz liability limited no no pre pro rat tien ven vo
25479,COMPANYLINESIRITALSHIPPING,al company it line shipping sir
36020,HAOKUNCOMPANYENERGYGROUPLIMITED,company energy group hao kun limited
18108,SANCHEZRominaSilviaCARLON,a carl in on rom sanchez silvia
45952,MFGGLOBLELIMITEDBESTOP,be fg glob le limited m stop
51785,STOCKCOMMERCIALFDCOMPANYJOINTURALBANK,bank commercial company fd joint stock ural
11607,MINESINDUSTRIESDEVELOPMENTANDORGANIZATIONANDMININGRENOVATIONIRANIAN,and and development industries iranian mines mining organization renovation
26861,RESOURCESSOUTHCOMPANYWEALTH,company resources south wealth
46627,LIMITEDIMAXCHIPTECHNOLOGYCO,chip co imax limited technology
10657,ALJABURIRakinThaminMishan,a al buri in in j mi rak shan tham
2685,MuhammadTalalRashidNAJI,ji muhammad na rashid talal
39217,LIMITEDINTERNATIONALCOMPANYDYNASTY,company dynasty international limited
40950,ENERGYFZEALBAHRALAAHMAR,a ahmar bahr energy f la zeal
25020,TADBIRGARANIRANIANINVESTMENTATIYEHCOMPANY,an at bir company gar i investment iranian tad yeh
34916,AneliSUNIGAIselMORFIN,an eli elmo iga in is rf sun
46712,LIMITEDCOSEMICONDUCTORSCI,co limited sci semiconductor
45946,KOMPLEKTCOMPANYLIABILITYLEGIONLIMITED,company kom kt legion liability limited ple
27446,PARSCOETEMADTEJARATE,a a coe dte j pars rate tem
49778,OBSHCHESTVOAKTSIONERNOEDISPLEIKOMPONENT,ed is kom nt oak ob one plei pone rno shche stv tsi
50552,ENGINEERINGCOMPANYAMADBEHINEHSAZ,a az beh company eh engineering in mad s
29112,JAHANSIRJANCOMPLEXSTEEL,complex jahan jan sir steel
49162,FANKAVCOANDISHRAYAN,an an anka co dish f ray v
45290,MOHAMEDKARTIAliAhmed,ahmed ali i kart mohamed
13405,DESERVICIOSSAVILLABONITAGASOLINERAYCV,a bonita cv de gasoline oss ray ser vici villa
29066,DIVISIONSYRIANTHEFOURTHARABARMYOF,arab army division fourth of syrian the
9553,PARTNERSHIPBANGKOKDESIGNLIMITEDARTIFLORA,art bangkok design flora i limited partnership
28060,HOLDINGSINTERNATIONALHOTELSINVESTMENTAS,as holdings hotels international investment
21904,ALOTAIBIAMohammedMubarak,a a a ibi lot mohammed mubarak
26326,VARIABLEDEANONIMALINMOCAPITALSOCIEDAD,capital dean i in mal mo on sociedad variable
45669,KamalALSHAWASharifAmer,a al amer kamal sharif shaw
50787,KONSTRUKTORSKOEBYUROLIMITEDCOMPANYLIABILITYVALKIRIYA,by company e kiri ko kon liability limited str tors uk uro val ya
11853,CIAJERGALJAIMESCSVYJEREZSCS,cia csv gal jaime jer jerez s s sc y
11616,BREYELLERCOKGGMBHTECHNOLOGYSTAHL,bre co gmbh kg stahl technology yeller
10413,CHARITABLEGOODWILLORGANIZATIONINC,charitable goodwill inc organization
25144,INTERNATIONALLAMAOFFSHORESALFOODS,foods international lama offshore sal
40378,ZAMUDIOAlfonsoLERMALuis,a alfonso lerm luis udio zam
48501,AKTSIONERNOEBYURORIOPROEKTNOOBSHCHESTVOKONSTRUKTORSKOE,a by e e ek i ko kts noob ok on one pro rio rno shche str stv t tors uk uro
15163,ENERGYINTERTRADEPETROCOMPANY,company energy inter petro trade
35893,HELICOPTERCOMPLEXROSTOVPRODUCTION,complex helicopter production rostov
44089,LIMITEDLIABILITYCENTERPETROLEUMTYUMENCOMPANYRESEARCH,center company liability limited petroleum research tyumen
41257,LuisROMANEduardoFLORES,eduardo flores luis roman
49492,PTELTDLINEPCB,line ltd pcb pte
25807,BMIICGENERALINTERNATIONALLLCTRADING,bmi general ic international llc trading
51202,BHDINDUSTRIALSDNMORALABILITY,ability b dn hd industrials moral
46510,EQUIPMENTSPARETRADINGSAANDLLCPARTSMACHINERYTHEAVY,a and equipment heavy llc machinery parts s spare t trading
49177,PROIZVODSTVENNOEOBYEDINENIENAUCHNOGORIZONT,auch by dst ed en eni eo gori in iz no no pro t ven vo zon
26566,MOVAHHEDGROUPSHAHIDDANESH,d danes group h h he mova shahid
51096,PRIVATESHARPLINELIMITEDAUTOMATION,automation limited line private sharp
18531,SALAHYunisMahirJawad,awad is mahi rj salah yun
50890,FORTHEINSTITUTESCIENCESRUSSIANACADEMYPROGRAMMINGOFOFSYSTEM,academy for institute of of programming russian sciences system the
48740,COMPANYGROUPPUBLICSTOCKASTRAJOINT,astra company group joint public stock
8596,AbdulMUHAMADABBAKARAziz,abdul aziz b bakar hamada mu
35324,LIABILITYINVESTMENTSNEMCHINOVOCOMPANYLIMITED,chi company investments liability limited nem novo
50170,OOOSEKYURITISERVISISDIDZHITAL,did e is ooo rvis sek tal tis yuri zhi
41487,KTHSROGROUPSPOL,groups k pol ro s th
18553,COMPANYINVESTMENTANDEKODEVELOPMENT,and company development e investment ko
48435,AKTSIONERNOEOBSHCHESTVOKONSTRUKTORSKOEBYUROAPPARATOSTROENIYATSENTRALNOE,a appa at by e e e i iy ko kts no ob oen ok on one ostr ral rat rno sent shche str stv tors uk uro
49537,TERSANECILIKGEMISANAYISIRKETITICARETLIMITEDBULUTLAR,a an bul c caret em i ili is it ket kg lar limited sane sir ter ut yi
9407,FINASNORTESSASANIGNACIODECVCARNESDEL,as carnes dec del fin ignacio nor san tessa v
43248,LIABILITYLIMITEDCOMPANYIKMENEDZHMENT,company ed ik liability limited men ment zh
22248,ArcadioJesusdeROSALESDELGADO,arca de delgado dio jesus rosales
51462,AKTSIONERNOEOBSHCHESTVOREGISTRATORKAPITAL,a e i kapital kts ob one or regi rno shche st strat vo
26210,RIMIINEWGROUPPROPERTIESCORPYORKOF,corp group ii new of properties rim york
49507,PLANTENTERPRISEUNITARYPRODUCTIONSVT,enterprise plant production svt unitary
31193,AbdALGHAMARIMuhammadAlKarim,a abdal al gh karim mari muhammad
48845,EVOLLIMITEDSIRKETIGROUPTRYAZILIM,a e group i ket lim limited sir try vol zi
39157,JOINTSTOCKRESEARCHANDDEVELOPMENTENTERPRISECOMPANYRADIOSVYAZ,and company development enterprise joint radio research stock sv yaz
16210,RIOSJuanitaCarmenHERNANDEZDel,carmen del hernandez juanita rios
49449,BIZNESJOINTPROYEKTCOMPANYSTOCK,biz company joint kt nes pro stock ye
52236,LIMITEDLIABILITYCOMPANYVELOKS,company ks liability limited velo
18739,LEASINGSTOCKVTBCOMPANYJOINT,b company joint leasing stock vt
40741,MOUSAHeidariMohammadSadegh,dari gh he i mo mohammad sade usa
26654,BAYINCORPORATEDSHIPPINGBALLITO,ball bay i incorporated shipping to
15140,LIMITEDSHIPPINGCOMPANYSINA,a company in limited s shipping
36057,PUBLICJOINTNEVSKOECOMPANYDESIGNBUREAUSTOCK,bureau company design e joint nev public sko stock
