ID,NAME,PROCESSED_NAME
27591,TRADINGLIMITEDGENERALALCARDINAL,trading limited general al cardinal
46040,ROSKAPSTROYWATERLIABILITYLIMITEDCLEANCOMPANY,ros kap s troy water liability limited clean company
11246,AMERICANDESATUNECVUP,american desa tune cv up
25078,JorgeGOMEZRODRIGUEZJesus,jorge gomez rodriguez jesus
47475,CLOSEDSTOCKJOINTSERVICESSPECIALCOMPANYTRANSPORTATION,closed stock joint services special company transportation
45971,COMPANYLIABILITYLIMITEDPRIMELEX,company liability limited prime lex
49268,RUSMEDTORGOBSHCHESTVOOGRANICHENNOIOTVETSTVENNOSTYUS,rus med tor gob shche stv oo gran i chen noi otv et st ven nos tyus
42942,NIGHTSBEIJINGSHINYCOTECHNOLOGYLTDDEVELOPMENT,nights beijing shiny co technology ltd development
47847,GEOPROMAININGLIABILITYMENKECHELIMITEDVERKHNECOMPANY,geo pro main ing liability menke che limited ver kh ne company
16990,CPCLSINVERSIONESYCIAENCS,c pcl s in versione sy cia enc s
10596,GENERALTRADINGFMFLLC,general trading fm f llc
7858,JalilTahirHabbushALTIKRITI,jalil tahir hab bush al tikriti
35012,LIMITEDCOMPANYNERODRINKS,limited company nero drinks
44038,COMPANYMACHINESTOCKOPENBUILDINGPLANTJOINTARSENAL,company machine stock open building plant joint arsenal
49341,LIMITEDTAKIMLARVESANAYITICARETMINYONKESICIMAKINESIRKETI,limited taki m lar ves an ayiti caret minyo n kes ici makin e sir ket i
48710,TRANSGULFLLCAGENCY,trans gulf llc agency
41277,DEVICESTRADINGHULMELECTRICSAHRAAL,devices trading h ulm electrics a hra al
46522,JOINTCOMPANYINSTITUTEELPASTOCKPILOTLINERESEARCHAND,joint company institute el pa stock pilot line research and
46923,BHDARTASDNWAVE,bh dart as dn wave
52127,ORENBURGLIMITEDLIABILITYCOMPANYGAZPROMNEFT,orenburg limited liability company gazprom ne ft
10622,SANCHEZHectorBELTRANManuel,sanchez hector beltr an manuel
47294,COMPANYLIMITEDLIABILITYEXIMALABUGA,company limited liability e xima la bug a
8192,ALTIKRITISaddamRaghadHussein,al tikriti saddam raghad hussein
49794,SUMINISTROSDECVOCEANOSSACOMBUSTIBLES,sum in is tros dec voce a nossa combustibles
21387,TURABAbuAliMuhammad,tura babu ali muhammad
42097,MANAGEMENTMETALLOINVESTLLCCOMPANY,management metal lo invest llc company
44459,FURAHAPVTCONSTRUCTIONLTD,fur a hap vt construction ltd
47746,ISKRASTOCKMECHANICALPLANTCOMPANYJOINTNOVOSIBIRSK,iskra stock mechanical plant company joint novosibirsk
48027,TSENTRCOMPANYLIMITEDLIABILITYINZHENERNOTEKHNOLOGICHESKIATM,tsen tr company limited liability in zhen er note kh no logic he ski atm
50811,KOMPANIYAOBSHCHESTVOAKTSIONERNOESTALEPROMYSHLENNAYA,kom pani yao b shche stv oak tsi one rno es tale pro my s hlen naya
50243,COMPANYSTOCKJOINTOPENROGACHEVSKYDIAPROEKTORZAVOD,company stock joint open ro gache v sky dia pro ek to rza vo d
49214,AFTERRESEARCHNAMEDPRODUCTIONPOPOVASSOCIATIONANDAS,after research named production pop ov association and as
29118,SHENLIMITEDCOYANGJINGIMPEXPMACHINERYCHENG,shen limited co yang j in gimp exp machinery cheng
52221,LIABILITYSISTEMALIMITEDITKCOMPANY,liability sistema limited it k company
51206,WAREHOUSEFORESSLIMITEDLIABILITYCOMPANY,warehouse for ess limited liability company
45741,SIRKETITASIMACILIKLIMITEDVEDISKUZEYLOGISTICSIHRACATTICARETITHALAT,sir ket it as imac ili k limited ve disk uz ey logistics ihr ac attic are ti thal at
31751,ALEJOSAdolfoCAMBARAGustavo,ale jos adolfo cam bara gustavo
51768,STOCKCREDITCOMPANYJOINTBANKROYAL,stock credit company joint bank royal
30105,COMPANYLIMITEDSUPREMESHIPPING,company limited supreme shipping
9401,SACHIHUAHUADECVFOODS,s a chihuahua dec v foods
10634,JuanCarlosOLIVASOJEDA,juan carlos oliv as ojeda
17228,COMPANYLOGISTICSASIANAVIATIONLIMITED,company logistics asian aviation limited
23604,DRUGRINCONCASTILLOORGANIZATIONTRAFFICKING,drug rinc on castillo organization trafficking
49311,HIGHRUSSIANACADEMYELECTRONICSBRANCHCURRENTSIBERIANINSTITUTEOFSCIENCESOF,high russian academy electronics branch current siberian institute of sciences of
48507,VSRAMECCOMPANYJOINTSTOCK,vs ram ec company joint stock
24786,QassimAliAHMEDAbdullah,qassim ali ahmed abdullah
50723,PALESTINESEILDIBENEFICASOLIDARIETAASSOCIAZIONECONPOPOLO,palestine sei ldi bene fic a solid a rie ta associazione con popolo
48441,CENTERCOMPLEXUNMANNEDLTDSOLUTIONS,center complex unmanned ltd solutions
19174,INMOBILIARIAJCORPM,in mobil i aria j corp m
50003,LEPTONASSOCIATIONRESEARCHPRODUCTIONAND,lepton association research production and
51297,LIMITEDSHREYASCIENCESPRIVATELIFE,limited sh rey a sciences private life
28047,TRYGRANDCOPHEAPLTDCAMBODIAROYAL,try grand cop heap ltd cambodia royal
25958,TAKHTEHHONARBASHAHID,takht eh hon arb a shahid
36676,OOOZOLOTOIKOMPANIYAVEK,ooo zo lot oi kom pani ya vek
46034,ABZLLCRASTBELYI,a bz llc ra st be lyi
47956,COMPANYLIMITEDAURUSLIABILITY,company limited a urus liability
15342,YCATERINGDESACVRENTASSOCIALIKA,y catering des acv rent associa lika
52250,SHIPPINGCOHONGKONGYAQINGLIMITED,shipping co hongkong ya qing limited
16476,DARNAHANSARINALSHARIA,darn a hans arina l sharia
24563,SHORESALESCORTSERVICESOFFCAR,shores al escort services off car
27467,COPETROLEUMCHINALIMITEDCONCORD,co petroleum china limited concord
40571,REMONTNYYAKTSIONERNOYETSENTROBSHCHESTVOSEVEROVOSTOCHNYY,re mont ny yak tsi one rno yet sent rob shche st vos ever ovo stoch n yy
8332,NazarJumahALQASIRAli,n azar ju mahal qa sir ali
23308,RobertoRIVASREYESJose,roberto rivas reyes jose
52582,SOEDINENIISTOCKCOMPANYZAVODJOINTNOVOTROITSKIIHROMOVYH,so ed inen ii stock company za vo d joint novo tro its kii h romo vy h
46515,FEDERALSTATEENTERPRISEKAMENSKYCOMBINE,federal state enterprise kamen sky combine
52176,OBSHCHESTVOOTVETSTVENNOSTYUOGRANICHENNOIMTVS,ob shche st vo otv et st ven nost yu og rani chen noi mtvs
43441,SUITESLIMITEDLILYCOMPANY,suites limited lily company
9485,ALISLAMBULIMuhammadAhmadShawqi,al is lamb uli muhammad ahmad shaw qi
49309,KTSTOCKCOMPANYJOINTSITRONICS,kt stock company joints i tronic s
43262,COMPANYSTOCK53ARSENALJOINT,company stock 53 arsenal joint
45981,LIMITEDLIABILITYCOMPANYHOLDINGINFRASTRACTURE4,limited liability company holding infra s tract ure 4
12186,GRUPOSACVZAVALADEHORTA,grupo s acv zavala de horta
33619,LOPEZRodolfoGUTIERREZFrancisco,lopez rodolfo gutierrez francisco
47642,AKTSIONERNOEOBSHCHESTVOAKONITURAL,a kts i one rno e ob shche stv oak on it ural
49186,RESEARCHJOINTANDPROTEKCOMPANYSTOCKENTERPRISEIMPLEMENTATION,research joint and pro tek company stock enterprise implementation
49768,DEELJICAROBIOCOMBUSTIBLESCVSA,de el ji caro bio combustibles cvs a
50530,PALACIOSMUNOZAntonioMiguel,palacios mun oz antonio miguel
19714,FZEGENERALTRADINGGRANDEUR,f ze general trading grandeur
15699,CVLOSRANCHOAGRICOLAGANADERODEMEZQUITESSA,cv los rancho agricola gana de rode mez quite ssa
46911,BHDSDNTECNOLOGIESADVANCEDSKYLINE,b hds dn tecnol o gies advanced skyline
18715,JOINTSBERBANKCOMPANYSTOCK,joints ber bank company stock
51604,LIABILITYWELLTECHLIMITEDCOMPANY,liability well tech limited company
46809,EUROPEANTRADINGTECHNOLOGYBV,european trading technology b v
50080,COMPANYINFORMATIONYEMENFORTELECOMMUNICATIONTECHNOLOGYASSET,company information yemen for telecommunication technology asset
49411,LIMITEDCOMPANYLIABILITYMEGASTEK,limited company liability megas tek
50740,BYUROINZHINIRINGOOOSPEKTRKONSTRUKTORSKOE,by uro in zhin i ring ooo s pek tr kon str uk tors ko e
49395,JOINTALEKSINSKIIZAVODCOMPANYSTOCKOPYTNYIMEHANICHESKII,joint a lek sins kii za vo d company stock op y t nyi meh a niches kii
9548,COMPANYKDPMAESAILTD,company k dp mae sail td
49819,CVJJESADECONSTRUCTORASA,cv j jes a de constructor as a
7173,IgnacioMEDINAMORENOLuis,ignacio medina moreno luis
43272,LINKSASIAPACIFICLIMITED,links asia pacific limited
52061,BLANCOOSTENOrlandoOrozman,blanco osten orlando or oz man
41113,HOLDINGSYSTEMSCOMPUTERLIMITEDINTELLIGENTLIABILITYCOMPANY,holding systems computer limited intelligent liability company
48248,GHOJEHBIKLORostamSHAHMARI,gh oj eh bi kl oro stam shah mari
49837,LLCENERGYCOFORNACISTRADING,llc energy co for nac is trading
49215,EQUIPMENTMARINEJSCENGINEERINGCORPORATION,equipment marine jsc engineering corporation
12215,OFACADEMYSECONDNATURALSCIENCES,of academy second natural sciences
34498,INSURANCECOMPANYCOMPANYSTOCKROSGOSSTRAKHPUBLICJOINT,insurance company company stock ros goss trak h public joint
10899,ArturoMarcosBELTRANLEYVA,arturo marcos beltr an ley va
44086,LIABILITYSTERLITAMAKCATALYSTCOMPANYLIMITEDPLANT,liability st erlita mak catalyst company limited plant
49382,COMPANYMAYAKKIROVPUBLICPLANTJOINTSTOCK,company mayak kirov public plant joint stock
10587,NOORAbdulMUHAMMADMajeed,noor abdul muhammad maj e ed
46020,RESOURCESRUSSIANTITANIUMLIMITED,resources russian titanium limited
18070,CVATUNERASATRITONDENUEVA,cv a tuner as a triton de nueva
51531,COMPANYSTOCKINVESTGEOSERVISJOINT,company stock invest geo se rvis joint
46909,ENGINEERINGARYATADBIRCOMPANYTEYF,engineering arya tad bir company tey f
17807,PADRONNayarithKatherineHARINGHTON,padr on nayarit h katherine haring ht on
32351,SYRIAN216BRANCHMILITARYINTELLIGENCE,syrian 216 branch military intelligence
42733,LIMITEDCOMPANYMASHOILLIABILITY,limited company mash oil liability
37781,METEORCOMPANYSTOCKJOINTPLANT,meteor company stock joint plant
47707,TGUNLEVSHALLCMAKINGCOMPANY,t gun lev shall c making company
50124,RASPADSKAYAOGRANICHENNOIUGOLNAYAKOMPANIYASOBSHCHESTVOOTVETSTVENNOSTYU,ras pads kaya og rani chen no iu gol nayak om pani ya sobs h chest vo otv et st ven nost yu
27251,CENSCERTAINCOMPANIASAAB,c ens certain comp ania saab
44266,COMMERCIALJSCUNISTREAMBANK,commercial jsc uni stream bank
22080,MuhammadNasiralDinAymanSALIM,muhammad nasir aldin ayman salim
7933,HIRBinAbdulZulkifli,h irb in abdul zu lk if li
34764,LIMITEDTEKHNOLOGIITSIFROVYECOMPANYBUDUSHCHEGOLIABILITY,limited tek hno logi its ifr ov ye company budu shche go liability
40209,KONGFANGHONGLIMITEDHOLDINGSTIAN,kong fang hong limited holdings tian
16020,IRANSHARGHCOMPANY,iran sh argh company
15097,COELECTRONICINDUSTRIESCOMPONENTS,co electronic industries components
46645,LIMITEDMETALMASTERCOMPANYLIABILITY,limited metal master company liability
52577,COMPANYLIABILITYLIMITEDCHERMETSERVIS,company liability limited cher mets e rvis
30106,COSHANGHAILTDREACHGROUPHOLDING,co shanghai ltd reach group holding
43098,KRASNOYARSKJOINTPOLYUSCOMPANYSTOCK,krasnoyarsk joint poly us company stock
45376,VEKPROMPROMYSHLENNAYACOMPANYLIMITEDGRUPPALIABILITY,vek prom pro my s hlen naya company limited g rupp a liability
49952,GALAKTIKAOBSHCHESTVOKORPORATSIYAAKTSIONERNOE,gala kt ika ob shche stv ok or po rats i yaa kts i one rno e
49782,KHAVERIMLIABILITYCOMPANYLIMITED,k have rim liability company limited
52387,OBREGONHectorPEREZAndres,obreg on hector perez andres
30618,LIMITEDDONGMEIINVESTMENTCOGROUP,limited dong mei investment co group
51411,CamiloROSEROEstebanBETANCOURT,camilo rose ro esteban betancourt
46514,JOINTSTOCK75ARSENALCOMPANY,joint stock 75 arsenal company
16023,ZARINCOMPANYRAFSANJANCEMENT,zar in company raf sanj an cement
45901,FORZAWAYALIMITADADEVELOPMENTINVESTMENTALGROUPSOCIEDADAND,forza way a limit ada development investment al group sociedad and
49834,LLCFZMARKETINGAWARDSDIGITAL,llc f z marketing awards digital
34993,JUNIORKINAHANVincentChristopher,junior kina han vincent christopher
49226,ANDCORPORATIONJSCSHIPBUILDINGSHIPREPAIRING,and corporation jsc shipbuilding ship repairing
44578,LIMITEDDEFENSEENGINEERINGLIABILITYPARTNERSHIP,limited defense engineering liability partnership
51887,MARSAENERGYTRADINGDMCC,mars a energy trading dmc c
51373,LLPVISIONSHIPMANAGEMENT,ll p vision ship management
29667,OSORIOLUCESAntonioGuillermo,osorio luce s antonio guillermo
49681,SEPAHOMIDEXCHANGECOMPANY,se paho mid exchange company
11000,RIOPRESIDIOCVMINERADESA,rio presidio cv miner a desa
40876,COMPANIESSAPPHIRESTAROFGROUP,companies sapphire star of group
13014,GEOFARMASACVDE,geo farm as acv de
40212,QUANZHOUYIYANGJINLTDTRADEIMPORTCOEXPORTAND,quan zhou yi yang j in ltd trade import co export and
36258,RASPUNDERECUOKAFSOCIETATEALIMITATATRADING,rasp under ecu oka f societ a tea limit at a trading
49399,UNITARYTEHNOLITENTERPRISEPRODUCTIONSCIENCEPRIVATE,unitary teh no lit enterprise production science private
47754,ENGINEERINGABERGINSTITUTENAMEDCENTRALIRADIOAFTERACADEMICIANRESEARCH,engineering a berg institute named central i radio after academician research
40794,EOOD2016MSKONSULT,e ood 2016 ms kon sul t
32452,ORGANIZATIONTRAFFICKINGDRUGLOSHUISTAS,organization trafficking drug los hui st as
49189,SEMIKHATOVPRODUCTIONACADEMICIANOFAFTERASSOCIATIONAUTOMATICSNAMEDANDNASCIENTIFIC,semi khat ov production academician of after association automatics named and na scientific
36410,SBERBANKCOMPANYTECHNOLOGIESSTOCKJOINT,s ber bank company technologies stock joint
32532,DECLUBSAROJOSJUAREZINDIOSCVDE,de clubs a rojos juarez indios cv de
23825,COLTDKINGLYINTERNATIONALWON,colt d kingly international won
35244,COMPANYCOMPANYMANAGEMENTLIABILITYLIMITEDRVC,company company management liability limited rv c
18048,SalihAbdMuhammadAbdallahalLatifBinALKAWARI,s a lih abd muhammad abdallah all at if bin alka war i
49400,COMPANYLIMITEDLIABILITYSTANKOMASH,company limited liability stan kom ash
13007,CVSADECITADELINMOBILIARIOSDESARROLLOS,cvs a de citadel in mobil i a rios de sar rollo s
15864,COMPANIADERL5GANADERASDEPRMANANTIALES,comp ania der l 5 ga nader as de pr man anti ales
41576,GONZALEZJassielVILLEGASIan,gonzalez j as si el villegas ian
19629,GENERALANDSINGWANGCORPORATIONECONOMICSTRADING,general and sing wang corporation economics trading
15007,BARAKZAIAbdulSattarHaji,b arak zai abdul sattar haji
48670,HajjiHamidEBRAHIMIFORUSHANI,hajj ih amide brahim i for u shani
24431,CONTRERASMarlenyJosefinaHERNANDEZ,contreras marle ny josef in a hernandez
50402,EPLEKSLIMITEDCOMPANYLIABILITYGRUPP,ep lek s limited company liability g rupp
41998,COMPANYTRADINGLIMITEDFOREPOSTLIABILITY,company trading limited fore post liability
48586,INTERNATIONALLIMITEDTULUNHOLDING,international limited tulu n holding
41002,STOCKJOINTZAVODVOTKINSKIYCOMPANY,stock joint za vo dvo tk in ski y company
25451,HAFEZARYASHIPPINGCOMPANYDARYA,hafez arya shipping company darya
50172,SROLABLEARNINGMACHINE,s ro lab learning machine
46488,JuanBASTIDASERENASPablo,juan bastida serena s pablo
9583,JainalAntelSALIJR,jain alan tel s ali jr
29020,TOURISTCITYGRANDTOWN,tourist city grand town
7192,JuanOLARRAGURIDIAntonio,juan o larra guri di antonio
30627,CENTRALOFOFTHEREPUBLICELECTIONBELARUSCOMMISSION,central of of the republic election belarus commission
7598,EUSERVICIODEAEREOSANTANDER,e user vici ode aere o santander
48120,OGRANICHENNOYSVEB3OTVETSTVENNOSTYUOBSHCHESTVOTEKHNOLOGII,og rani chen no ys ve b 3 otv et st ven nost yu ob shche st vote kh no log ii
51404,FORESTSPOZLAKEO,forests p oz lake o
52249,SIRKETIMAKINAANONIMENDUSTRIMETALSAHINLER,sir ket i makin a an on i men dust ri metals ah in ler
34960,PERIDOTTRADINGSHIPPINGANDLLC,peridot trading shipping and llc
42314,LLCKISMAYOTRADINGGENERAL,llc k is mayo trading general
46735,LIMITEDASTECLINGINTERNATIONALCOMPANYLIABILITYCOMPANY,limited as te cling international company liability company
44158,SIBERIANSERVICECOMPANYJSC,siberian service company jsc
40544,INFORMATIONSTUDIESCOMPANYANDFORLEBANESESARL,information studies company and for lebanese sar l
48527,LIMITEDCOMPANYSREDNEVOLZHSKYSTANKOZAVODLIABILITY,limited company s red ne vol zhsky stank oz a vo d liability
28548,ORTEGAMURILLOCarlosJuan,ortega murillo carlos juan
40477,LTDTIANYIRESEARCHSPACEINSTITUTESCIENCECOANDTECHNOLOGYCHANGSHA,ltd tian yi research space institute science co and technology changsha
13116,DEEPPJSOFFSHORECOMPANYTECHNOLOGY,deep pj s offshore company technology
19732,GENERALSEVENSEAGOLDENTRADINGLLC,general seven sea golden trading llc
49364,GROUPBASSIREDOOBEOGRAD,group bass ire doo beograd
43836,ZAMUDIOLERMAAngelGuillermo,zam udio lerm a angel guillermo
28289,ANDARFAIRONSTEELCOMPANY,and a rfa iron steel company
27589,INVESTMENTTRADINGLIMITEDLOUCOMPANYAND,investment trading limited lou company and
46658,VOLOGDABEARINGPLANTCOMPANYCLOSEDJOINTSTOCK,vol o gda bearing plant company closed joint stock
52316,SDNTEFCASMARINEBHD,sd nt efc as marine b hd
30123,SONSANDTALIBPTYLTD,sons and talib pty ltd
51718,BANKJOINTFINANCECOMPANYSTOCKAUTO,bank joint finance company stock auto
32743,MEDICINETHEOFMINISTRYFORMILITARYSTATEDEFENSEEXPERIMENTALINSTITUTEOF,medicine the of ministry for military state defense experimental institute of
29625,LTDFUELTRADINGOMAN,ltd fuel trading oman
17238,BASPARKIMIYAMANDEGARCOMPANY,bas park i miya mande gar company
36065,ZVYOZDOCHKASHIPREPAIRINGCOMPANYJOINTCENTERSTOCK,z vy oz doc hk a ship repairing company joint center stock
33014,POLIGONOSASMARTASANTA,poli go nos as marta santa
40931,STOCKCOMPANYINSTITUTERESEARCHBUREVESTNIKJOINTSCIENTIFICCENTRAL,stock company institute research bure vest nik joint scientific central
32176,GENERALTICARETSIRKETIVEGIDASANAYITRADINGANONIMADOON,general ti caret sir ket ive gid asana yi trading an on im a do on
49877,LIMITEDKITSMARTTECHNOLOGY,limited kit smart technology
35936,STOCKCOMPANYMIKRONJOINT,stock company mik ron joint
31311,BUSTAMANTEDinorahYoselinPUERTA,busta man ted in or a hyo sel in puerta
46431,IZHEVSKELECTROMECHANICALCOMPANYKUPOLPLANTSTOCKJOINT,iz he vs k electromechanical company ku pol plant stock joint
40803,CONSULTINGTRILEMMALTDEOOD,consulting tri lemma lt de ood
32533,MENDOZASCACUAINDUSTRIARLNARCISODEDECV,mendoza sca cu a indus tria rl narc is ode dec v
41299,TECHNOLOGYWUHANSHUOKANGCOBIOLOGICALLTD,technology wuhan s huo kang co biological ltd
29023,ZUBAIDILLCQALEIAND,zub aid ill cq a lei and
48199,GROUPLTDUNITOPHONGKONG,group ltd uni top hongkong
49307,COMPANYLIMITEDHOLDINGLIABILITYYUZHPOLYMETAL,company limited holding liability yu zh poly metal
7330,NEDERLANDBENEVOLENCESTICHTINGINTERNATIONAL,nederland benevolence st ich ting international
45041,BALASHIKHINSKIYLITEYNOCOMPANYOPENSTOCKMEKHANICHESKIYZAVODJOINT,bala shi khin ski yl it ey no company open stock me khan iche ski yz a vo d joint
49795,EDJAMAQUINASCVDESA,ed jam aquinas cv desa
46224,DESKAIRUCVSA,desk air u cvs a
26324,ORGANIZATIONDRUGZHENGTRAFFICKING,organization drug zheng trafficking
17118,ISAZANelsonSANCHEZDario,is aza nelson sanchez dario
11773,SAAVEDRAENSCCIAY,saavedra ens cci ay
25489,JOOMohammadAliYAZDAN,joo mohammad al iyaz dan
25943,ARJANELECTRICITYANDGENERATIONMANAGEMENTENERGY,arjan electricity and generation management energy
8394,SACOPANDORASHIPPING,s a co pandora shipping
15664,DECASADISTRIBUIDORASAELCVLUISVIEJO,dec a sadist rib ui do rasa el cv luis viejo
46648,INVENTLIABILITYCOMPANYLIMITED,invent liability company limited
43038,RESEARCHMINERALSCIENTIFICSTOCKOFSIBERIANCOMPANYMATERIALJOINTANDINSTITUTEGEOPHYSICSRAWGEOLOGY,research mineral scientific stock of siberian company material joint and institute geophysics raw geology
10594,AbdullaAhmadMohammadBEHZADAbdulla,abdull a ahmad mohammad be hz ad abdull a
28547,MONTALVANAdolfoIvanACOSTA,montalva n adolfo ivan acosta
52573,ANDTUGANSKSTOCKCOMPANYPROCESSINGILMENITEMININGJOINTENTERPRISE,and tug an sk stock company processing il men it e mining joint enterprise
45976,LIABILITYCOMPANYLIMITEDSTARTAERO,liability company limited start aero
36324,OOOTSARGRADKURORTSPASTESHILOVO,ooo tsar grad kuro rts pastes hilo vo
39666,AVASERVICESPETROLEUMSA,ava services petroleum s a
11237,ArturoLADINOAVILAJaime,arturo ladino avila jaime
28049,LTDPETROLEUMCOPAPA,ltd petroleum co papa
50280,LIMITEDLIABILITYATRANCOMPANY,limited liability at ran company
51127,PRODUCTIONANDUNITEDRESEARCHPERMCORPORATIONENGINESENGINECOMPLEX,production and united research perm corporation engines engine complex
46215,CVTURISTICOSCOMERCIALIZADORAVALLARTASERVICIOSSADEDEDE,cv turistic osco mercia liza dora vallarta ser vici oss a dedede
11548,CeciliaRODRIGUEZVELASQUEZRuth,cecilia rodriguez velasquez ruth
8744,LIMITEDLEASINGPACIFICWORLDTRANS,limited leasing pacific world trans
9331,ALTIKRITISabawiIbrahimHasanAyman,al tikriti saba wi ibrahim has an ayman
40328,SHIRSHOVPPINSTITUTEOFTHEACADEMYOCEANOLOGYOFRUSSIANOFSCIENCES,s hirsh ov pp institute of the academy ocean ology of russian of sciences
26588,URUGUAYBANDESSABANCO,uruguay band ess a banco
10897,MahmudAdilABDMuhammadALKHALIQ,mahmud a dil abd muhammad al khali q
37739,STATECENTERAFTERNAMEDFLIGHTVPTESTINGCHKALOV,state center after named flight vp testing ch ka lov
50781,RRGENGINEERINGPRIVATELIMITEDTECHNOLOGIES,r rg engineering private limited technologies
11626,COMMERCIALPETROCHEMICALUKLIMITEDCOMPANY,commercial petrochemical uk limited company
23004,COMMERCIALLTDKORYOBANK,commercial ltd ko ryo bank
37256,MORGANHUERTAJoseArnoldo,morgan huerta jose arnold o
48771,MAHDUDCAMIYYATIENERGYLAHICMASULIYYATLI,mah dud cami yy at i energy la hi cm as uli yy at li
10359,ZAMBADAMariaNIEBLATeresa,zam bad a mariani eb la teresa
11695,INPENINSULAALQAIDAARABIANTHE,in peninsula alq aida arabian the
40923,LIMITEDJINXINTRADINGNUO,limited jinx in trading nu o
33594,PARVAZNAFARCOMPANYMADOOJE,par vaz na far company ma doo je
11882,CIAALVAREZYAGUILARLTDA,cia alvarez y aguilar ltd a
48549,VLADIMIRCOMPANYSTOCKOFPLANTHOSESMETALJOINT,vladimir company stock of plant hoses metal joint
38316,FEDERALOFPHYSICSANDINSTITUTIONOFSTATEINSTITUTEHIGHERTECHNOLOGYEDUCATIONMOSCOWVOCATIONAL,federal of physics and institution of state institute higher technology education moscow vocational
42296,2013TRADINGTIALTDOOD,2013 trading tia ltd ood
47132,MuhammadFallahKamilHIRZALLAH,muhammad f allah kamil hi rz allah
28243,CVMASTERREPOSTERIASYDESARESTAURANTES,cv master re poster i as y desa restaurant es
30286,CODESLTDINTERNATIONAL,codes ltd international
47540,IT1COMPANYLIMITEDLIABILITYRTK,it 1 company limited liability rt k
40476,JOINTTECHTERRACOMPANYSTOCK,joint tech terra company stock
46680,YUNZEBEIJINGCOLTDTECHNOLOGY,yun ze beijing colt d technology
48961,CAPITALCONSULTANCIESMANAGEMENTANDTAPLLC,capital consultancies management and tap llc
50409,COMPANYENGINEERINGLIMITEDLIABILITYARMOR,company engineering limited liability armor
50179,CYBERLIMITEDLIABILITYSERENITYCOMPANYSECURITY,cyber limited liability serenity company security
44983,OZERNAYALIABILITYCOMPANYKOMPANIYAENERGETICHESKAYALIMITED,oz er naya liability company kom pani ya energetic he s kaya limited
16696,REPUBLICOFSYRIAOFCONGOTHEDEMOCRATICISLAMICANDIRAQSTATE,republic of syria of congo the democratic islamic and iraq state
34681,INVESTTRADEBANKCOMPANYSTOCKJOINT,invest trade bank company stock joint
45956,LIMITEDSOLUTIONSEMERGENCYLIABILITYCOMPANYDIGITAL,limited solutions emergency liability company digital
51832,BANKSTOCKTRUSTCOMPANYPUBLICJOINT,bank stock trust company public joint
16208,LuisCUELLARCASTROEduardo,luis cuellar castro eduardo
42736,GASLIABILITYEQUIPMENTURALMASHANDLIMITEDCOMPANYOILHOLDING,gas liability equipment ural mash and limited company oil holding
28052,MDCOZTHMORDALTDSES,mdc oz th mor da ltd ses
12476,COMPANYANDGASPARSOIL,company and gaspar soil
44146,LIMITEDGAZPROMNEFTPRIVATEOKHRANALIABILITYCOMPANYORGANIZATIONSECURITY,limited gazprom ne ft private ok h rana liability company organization security
7209,alRahmanKhalidAbdALFAWAZHamd,al rahman khalid abd alfa waz ham d
28294,INDUSTRIALGOLGOHARANDMININGCOMPANY,industrial gol gohar and mining company
7151,SADECVELECTRONICOSACCESOS,sade cv electronic os acc eso s
40824,INVESTMENTCAPITALLEADINGLTD,investment capital leading ltd
32332,JesusJARQUINJARQUINJose,jesus jar quin jar quin jose
47549,JOINTCOMPANYSPBBANKSTOCKPUBLIC,joint company s pb bank stock public
26140,ORGANIZATIONPERALTATRAFFICKINGCESARDRUG,organization peralta trafficking cesar drug
46674,STOCKSCIENTIFICCOMPANYANDTECHNICALPHOTONICSCOMPANYJOINTAZIMUT,stock scientific company and technical photo nics company joint a zim ut
12928,CONSPIRACYNUCLEIFIREOF,conspiracy nuclei fire of
50358,LIMITEDCOAGUINFORMATIONTECHNOLOGY,limited coa gu information technology
47912,KRDVZABAYKALYELIMITEDLIABILITYCOMPANY,kr dv za bay ka lye limited liability company
49242,ELEKTROPRIBORAKTSIONERNOEOBSHCHESTVOZAVODVLADIMIRSKIIOTKRYTOE,el ek tro pri bora kts i one rno e ob shche stv oz a vo d vladimir ski io tk ry toe
15854,FOODLTDMANAGEMENTTFMCCORPORATIONTHE,food ltd management t fm c corporation the
21577,DEAGRICOLARUELASSPRRI,de agricola ruel as spr ri
47185,AHMARALAbdullahHamidHussein,ahmar al abdullah hamid hussein
50785,DELAZIYALIABILITYLIMITEDCOMPANY,dela ziya liability limited company
44462,WARRIORSLTDINVESTMENTGOLDENPVT,warriors ltd investment golden pv t
20880,ALMUHAYSINIMuhammadBinSulaymanAbdallah,a lmu hays in i muhammad bin sulayman abdallah
45920,LIMITEDLIABILITYCOMPANYELECTRONICSSPUTNIK,limited liability company electronics sputnik
17018,STOCKRUSSIAJOINTPUBLICOFSBERBANKCOMPANY,stock russia joint public of s ber bank company
37769,LIMITEDPFMKLIABILITYCOMPANY,limited pf mk liability company
31452,AUTONOMOUSSTATEFEDERALINNOVATIVEERAMILITARYINSTITUTIONTECHNOPOLIS,autonomous state federal innovative era military institution techno polis
24664,MOKUSADORMINES,mok usa dor mines
38580,OGRANICHENNOIMARKUSOBSHCHESTVOSOTVETSTVENNOSTYU,og rani chen noi markus ob shche st vos otv et st ven nost yu
7585,LTDAGAVIOTAYMUELLESDRAGADOS,ltd aga vio tay mu elle s drag a dos
47598,NEVSKYZAVODSTOCKJOINTCOMPANY,nevsky zavods to ck joint company
28286,STEELKAVEHCOMPANYSOUTH,steel ka veh company south
12298,CVSABASALTOSDETONALA,cvs a basal to s de tonal a
48746,GROUPCONSULTINGJSCPOSTPROCESSOR,group consulting jsc post processor
46520,COMPANYJOINTRIFSTOCK,company joint rif stock
3750,COBALTINTERNATIONALINCCO,cobalt international inc co
47271,SABAFONOFFSHORESALINTERNATIONAL,saba fon offshore sal international
50082,ALSHAHARICORPORATIONLIMITEDGUANGZHOUUNITED,al shahar i corporation limited guangzhou united
22285,OFFORCESPEOPLESARMEDMINISTRY,of forces peoples armed ministry
45965,LIMITEDCOMPANYDECISIONS2LIABILITYNEW,limited company decisions 2 liability new
25635,TOSEEDONYASHAHRKOHANCOMPANY,to seed on ya shahr koh an company
47537,LIMITEDIT1COMPANYLIABILITY,limited it 1 company liability
6908,AnwaralSayyidTariqAHMAD,anwar al sayyid tariq ahmad
37777,PLASMACOMPANYSTOCKJOINT,plasma company stock joint
52177,LIMITEDEVOKORPKOMPANIYACOMPANYUPRAVLYAYUSHCHAYALIABILITY,limited evo kor p kom pani ya company up rav lya yu shc haya liability
50777,OFLIMITEDLIABILITYCOMPANYUNMANNEDTECHNOLOGIESMORDOVIA,of limited liability company unmanned technologies mor do via
12314,SEPULVEDATulioFLOREZMarco,sepulveda tulio flore z marco
45552,LAKTASIAGROVOCEDOO,la kt asia gro voce doo
26220,GROUPCOMMERCIALINCWINDHAM,group commercial inc windham
48742,ITHALATLIMITEDIHRACATTICARETALPHASIRKETIIMPEXDISVE,it hal at limited ihr ac attic are t alpha sir ket i imp exd is ve
52629,LIABILITYPREDPRIYATIEPROIZVODSTVENNOENAUCHNOLIMITEDCOMPANYTECHNOPROEKT,liability pre dpr iy a tie pro iz vo dst ven no en auch no limited company techno pro ek t
52549,LIABILITYLIMITEDSALDAKERAMAKSVERKHNYAYACOMPANY,liability limited salda ker a maks ver kh nyaya company
46270,ZAVODIMOBSHCHESTVOAKTSIONERNOENMIGNATYEVAAKOMAKKUMULYATORNYI,za v odi mob shche stv oak tsi one rno en m ignatyev a a ko mak kum ul yat or nyi
25461,KGOCEANCOGMBHELEVENTH,kg ocean co gmbh eleventh
37689,OPTICALSTOCKPRODUCTIONAFTERESYALAMOVJOINTCOMPANYURALMECHANICALPLANTANDASSOCIATIONNAMED,optical stock production after es y alamo v joint company ural mechanical plant and association named
50052,ZAVODAKTSIONERNOEREKONDOBSHCHESTVO,za voda kts i one rno ere kondo b shche st vo
17386,ALYahyaHAKIMAbdullah,al yahya hakim abdullah
25687,LTDPTEWEESTIONG,ltd pte wees tiong
49752,METALCOYIDATONGMATERIALSLTDTIANJIN,metal coy ida tong materials ltd tianjin
47618,LIMITEDMAKROOPTIKARESEARCHPRODUCTIONLIABILITYCOMPANYCOMPANYAND,limited mak roo pti ka research production liability company company and
48692,KOMMERCHESKAYAPROIZVODSTVENNOVIVAKOMPANIYA,kom mer che s kaya pro iz vo dst ven no viva kom pani ya
25935,ENERGYGILANGHADIRCASPIAN,energy gilan g had ir caspian
50159,OGRANICHENNOIPECHENGSKOESOTVETSTVENNOSTYUSTROITELNOEOBEDINENIEOBSHCHESTVO,og rani chen noi pe cheng sko eso tv et st ven nos tyus troi tel no eo be dine nie ob shche st vo
15691,ACUATICOCASCABELESSALOSPARQUECVDE,a cu a tico casca be less a los parque cv de
47899,LIMITEDLIABILITYEDUCATIONALRESIDENCEURALCOMPANY,limited liability educational residence ural company
21004,ALIAlHasanABKARALI,alia lhasa nab kara li
12580,GENERALLLCTRADINGGREENLEAF,general llc trading greenleaf
51298,LTDCOLIMBACHAIRCRAFTENGINEXIAMEN,ltd co limbach aircraft engine xiamen
44989,COMPANYLLCARCTICUNITED,company llc arctic united
24784,YusopKarimFAIZMohammed,yus op karim faiz mohammed
46777,STOCKCARTRIDGEBARNAULCOMPANYPLANTJOINT,stock cartridge barnaul company plant joint
18095,SAFIRMADELAMIRANDACV,s a firm adela miranda cv
52033,LIMITEDRUSGAZBURENIELIABILITYCOMPANY,limited rus gaz buren ie liability company
23653,INVESTMENTCOINTERNATIONALLIMITEDKINGSROMANS,investment co international limited kings romans
41116,SOFTLIABILITYLIMITEDMFICOMPANY,soft liability limited mfi company
39671,SHIPPINGCORPTIDERISING,shipping corp tide rising
31146,DESPRRLALEGRECOSTAAGRICOLA,de spr rl alegre costa agricola
44093,NEFTEGAZAVTOMATIKAJOINTCOMPANYSTOCK,ne ft e gaz avtomat ika joint company stock
26201,GROUPCORPINVESTMENTSRIM,group corp investments rim
47833,LIMITEDHYPERSPACECOMPANYLIABILITY,limited hyperspace company liability
32355,SYRIANGENERALBRANCHALKHATIBINTELLIGENCE251,syrian general branch al khatib intelligence 251
40864,ZAVODKOMPOZITSIONNYKHULGERODNYKHMATERIALOVI,za vo d kom pozi tsi on ny k hul gero d ny kh material ovi
32729,ASTRALIABILITYLIMITEDDANACOMPANYFOREIGN,astra liability limited dana company foreign
34675,PUBLICSTOCKCOMPANYTRANSKAPITALBANKJOINT,public stock company trans kapital bank joint
11417,REPARACIONESAERODINOSTALLERYDEPARTESAEREOSSERVICIOSDESUSSA,rep a racion es aero dinos taller y depart es aere os ser vici os des uss a
37521,OBYEDINENIYELIABILITYLIMITEDRADIOVOLNACOMPANYNAUCHNOPROIZVODSTVENNOYE,o by ed in eni ye liability limited radio vol na company n auch no pro iz vo dst ven noye
6865,MALHERBELEONDEOscar,mal her be leon de oscar
52182,BEARLIMITEDCOMPANYBRIDZHLIABILITY,bear limited company b rid zh liability
51092,KDGLIMITEDENGINEERINGPRIVATE,k d g limited engineering private
25970,DEVELOPMENTANDINTERNATIONALGHADIRTRADING,development and international g had ir trading
27468,COMPANYLTDHOLDINGKUNLUN,company ltd holding kunlun
7876,ALYASSINHusamAminMuhammad,al yassin husam amin muhammad
45908,FINANCIALTADAWULSAOCSERVICES,financial tada wu ls aoc services
23890,PMA243CAINVERSIONES,pm a 243 cain version es
36019,CHINAENERGYHAOKUNLIMITED,china energy hao k unlimited
47634,MIKROSISTEMANAUCHNOPROIZVODSTVENNOEPREDPRIYATIE,mik rosi stem an auch no pro iz vo dst ven no ep red pri ya tie
18736,COMPANYVTBDEPOSITORYCLOSEDSPECIALIZEDJOINTSTOCK,company vt b depository closed specialized joint stock
49269,OBSHCHESTVOSOGRANICHENNOIMEDSTANDARTOTVETSTVENNOSTYU,ob shche stv oso gran i chen noi med stand art otv et st ven nost yu
11295,KANKASETSANGSIRILIMITEDCOMPANY,kanka set sang siri limited company
44161,OGRANICHENNOJSOTVETSTVENNOSTYUAKTIVNIPIGAZOBSHESTVO,og rani chen no j so tv et st ven nost yu a kt ivn i pig a zob she st vo
51150,ISTOCKCREDSTVIREMONTAVOORYGENIYBIOLOGICHESKOIHIMICHESKOICOMPANY136PROIZVODSTVARADIACIONNOIJOINTOPENBAZAIZACHITUCENTRALNAY,i stock c red st vire mont a voor y geni y bio logic he s koi him iche s koi company 136 pro iz vo dst vara dia ci on noi joint open baz a i zach it u central nay
52015,PORTSUKHODOLLIABILITYMORSKOILIMITEDCOMPANY,ports uk ho dol liability mors koi limited company
52548,COMPANYJOINTURALSKIYMETALLURGICHESKIYKAMENSKSTOCKZAVODPUBLIC,company joint ural ski y metal lu rg iche ski y kamen sk stock za vo d public
48862,VOLGOGRADLIABILITYCOMPANYCOMPANYMACHINELIMITEDBUILDING,volgograd liability company company machine limited building
40795,CRIMINALSALASORGANIZATIONHERNANDEZTRANSNATIONAL,criminals alas organization hernandez transnational
24680,AINMOBILIARIAROFIS,a in mobil iar iar of is
15697,GENERALFZESYNERGYTRADING,general f ze synergy trading
52257,OGRANICHENNOIOBSHCHESTVOSEBOTVETSTVENNOSTYUS,og rani chen noi ob shche st vos e bot vets tv en nos tyus
47496,ALLRUSCOMPANYLIMITEDLIABILITY,all rus company limited liability
47986,FORLIMITEDCOMPANYSECURITYNATIONALCENTRELIABILITYINFORMATION,for limited company security national centre liability information
8190,IbrahimMohammadBarzanHasanALTIKRITI,ibrahim mohammad bar zan has anal tikriti
45967,COMPANYMEDIALIABILITYGROUPLIMITED7TV,company media liability group limited 7 tv
27594,LIMITEDPETROLEUMCOMPANYALCARDINAL,limited petroleum company al cardinal
24450,LOGISTICSCOMARITIMEPRIMORYELTD,logistics co maritime primo rye ltd
30664,FLAGSTONECONCRETEMANUFACTUREANDALAMEROFFOR,flagstone concrete manufacture and a lamer of for
13414,MartinHumbertoFELIXPONCE,martin humberto felix ponce
23130,MONSALVEMARQUEZJorgeElieser,mon salve ma rquez jorge elie ser
51300,CHEKADSANATFARAZASIA,cheka d sanat far az asia
50116,ELECTRONICSCOLIMITEDHKFEPOOD,electronics co limited hk fe poo d
22223,MabkhutALARADAHKhalidAli,mab k hut a lara dah khalid ali
36367,DIGITALLIABILITYLIMITEDRUSSIANSOLUTIONSCOMPANY,digital liability limited russian solutions company
42981,COMPANYTBSLIABILITYLIMITED,company tbs liability limited
52510,MOUSAMohammedDagloHamdan,mo usa mohammed dag lo hamdan
52014,PUBLICPRODUCTIONOFCOMPANYFORMAGNEZITREFRACTORIESTHESTOCKKOMBINATJOINT,public production of company for magne zit refractories the stock kom bin at joint
33071,STOCK140PLANTJOINTCOMPANYREPAIR,stock 140 plant joint company repair
47686,SAFEDATALIABILITYCOMPANYLIMITED,safe data liability company limited
33948,RESOURCESCORPORATIONARCLTD,resources corporation arc ltd
15001,IsidroFaustoFLORESMEZA,is idr of a us to flores meza
41988,SPETSVOLTAZHLIABILITYCOMPANYLIMITED,s pets volta zh liability company limited
51457,COMPANYPARITETJOINTRDCSTOCK,company par it et joint rd c stock
43195,HENGCHENGBEIJINGXINGHUALIMITEDCOMPANYTECHNOLOGYDEVELOPMENT,heng cheng beijing xing hua limited company technology development
10849,AbogneDEVERAPio,a bog ned ever a pio
37267,PORCHASCAMACHOJesusFrancisco,porch as camacho jesus francisco
46491,MONGECAROJesusJoseGil,monge caro jesus jose gil
22483,MarwanTahHussaynALAZAWIIbrahim,mar want ahh us say nala za wi ibrahim
29526,LIMITEDSHIPPINGENERGYHONGKONGSINO,limited shipping energy hongkong sino
49527,LIABILITYCOMPANYTRANSGAZMURMANSKLIMITED,liability company trans gaz murmansk limited
49278,COMPANYLIABILITYKINGISEPSKYBUILDINGMACHINELIMITEDPLANT,company liability king is ep sky building machine limited plant
30961,MUSAalSayyidIbrahimYahya,musa al sayyid ibrahim yahya
26744,CREDITLIABILITYFINANCIALRUSSIANCOMPANYSOCIETYORGANIZATIONNONBANKLIMITED,credit liability financial russian company society organization non bank limited
43278,LIABILITYPORTCOMPANYLIMITEDSSK,liability port company limited s sk
18570,JorgeBERRIOOswaldoZAPATA,jorge ber rio oswaldo zapata
50732,MATERIELMILITARYARMAMENTOFFORTESTINGPROFITNONANDANDINSTITUTEORGANIZATIONAUTONOMOUSCERTIFICATION,mate riel military armament of for testing profit non and and institute organization autonomous certification
18751,BROKERINSURANCELIMITEDCOMPANYSBERBANKLIABILITY,broker insurance limited company s ber bank liability
48899,ELEKTRONIKEKIPMANLIMITEDGQSIRKETISOLUTION,el ek tron ike kip man limited gq sir ket i solution
46637,SIRKETITICARETVELIMITEDOTOMOTIVEGETIRSANAYI,sir ket it i caret ve limited o to motive get irs an a yi
50284,SOTVETSTVENNOSTIUNORGAURUSSLANDOGRANICHENNOIOBSHCHESTVO,so tv et st ven nos tiu nor gaur uss lando gran i chen noi ob shche st vo
7262,EASTERNISLAMICTURKISTANMOVEMENT,eastern islamic turkistan movement
46503,SERVICECARGOCENTERAO,service cargo center ao
33990,ZVECAN028RADDOO,zve can 028 rad doo
41618,CVSADEGROUPDIAMONDATLANTIC,cvs a de group diamond atlantic
26822,IMAMBANDARPETROCHEMICALFARAVARESHCOMPANY,imam bandar petrochemical far av are sh company
49824,SUPERKLICDECVSATIENDAS,super kli cde cvs at i end as
16625,VALLEAlonsoVALLELuis,valle alonso valle luis
13407,IgnacioJuanGASTELUMESPARRAGOZA,ignacio juan gastel ume s parr ago za
44461,LTDPVTSTALLIONSSOUTHERN,ltd pv t stallions southern
51399,COGNITIVEDESIGNPRODUCTIONCENTER,cognitive design production center
42084,LIABILITYLIMITEDTECHNOLOGIESCOMPANYLAND,liability limited technologies company land
44264,GMBHNAIEUROPEKGENERGYCO,gmbh nai europe kg energy co
48073,ROBLEDOMayreAdileneARREDONDO,rob le do may read ile near redondo
49347,VEIHRACATDISDENERSIRKETIITHALATANONIMTICARET,ve ihr a cat d is de ner sir ket ii thal at an on imt i caret
40318,MORINFORMSYSTEMJOINTCOMPANYCONCERNAGATSTOCK,morin form system joint company concern ag at stock
51212,AVIAAVTOMATIKAKONSTRUKTORSKOEOPITNOCOMPANYLIABILITYLIMITEDBUREAU,a via avtomat ik akon str uk tors ko e op it no company liability limited bureau
48809,NUMERICALANYANGCONTROLCOPRESSLTDFORGINGEQUIPMENT,numerical anyang control co press ltd forging equipment
47584,LIABILITYFAWARISLIMITEDCOMPANY,liability fa war is limited company
46664,BEARINGSREDNEVOLZHSKYCOMPANYLIMITEDLIABILITYPLANT,bearings red ne vol zhsky company limited liability plant
23151,LTDMARINEDAWNMANAGEMENTCO,ltd marine dawn management co
9347,CORPORATIONGENERALRYONBONGKOREA,corporation general ry on bong korea
49388,RUSOLOVOCOMPANYSTOCKJOINTPUBLIC,ru solo vo company stock joint public
41179,RLCVDERHDELITMANS,rlc v de rh del it mans
49462,SIRKETITICARETKOCGEMICILIKLIMITEDDISVETASIMACILIK,sir ket it i care tko cge mic ili k limited d is vet as imac ili k
49823,DEMULTISERVICIOSCOMBUSTIBLECVENDEVERACRUZSAMAYE,de multi ser vici os combustible cve nde veracruz sam aye
8595,AhmadMAKKIAbdullahJaffar,ahmad mak ki abdullah jaffa r
18750,SBERBANKCOMPANYLIMITEDCOMPANYLIABILITYINSURANCEINSURANCE,s ber bank company limited company liability insurance insurance
22267,HashimAydarusALHAMIDMuhsin,hashi may dar us al hamid muh s in
45739,DOROZHNYEKOMPLEKSNYEZAVODMASHINY,do ro zh nye kom p lek sny eza vo dma shiny
42456,BHDPASNASNDINTERNATIONALGROUP,b hd pas nas nd international group
48006,COMPANYLIMITEDLIABILITYINTERNATIONALHOLDINGSTEELTMK,company limited liability international holding steel tmk
11914,JuanCABALLEROVELASQUEZDaniel,juan caball ero velasquez daniel
28009,SOCIEDADANONIMAINVERSIONESZANZIBAR,sociedad an on i main version es zanzibar
47269,ESTABLISHMENTANDALGENERALTRADINGSALAMAGENCIES,establishment and al general trading salam agencies
18568,THEROCKETPEOPLESKOREANSTRATEGICOFFORCEARMY,the rocket peoples korean strategic of force army
11610,METALMINERALTRADESARL,metal mineral trades a rl
47469,SOBSHCHESTVOOTVETSTVENNOSTYUOGRANICHENNOIMETALLOOBRABOTKA,sobs h chest vo otv et st ven nost yu og rani chen noi metal loo bra bot ka
33677,PRIMECHEERLTDCORPORATION,prime cheer ltd corporation
51547,LIMITEDPETROLSAOCOMPANYTRANSPORTATIONVIET,limited petrol sao company transportation viet
50316,MAIGEOPROMLIABILITYCOMPANYLIMITED,mai geo prom liability company limited
45000,COMPANYLIMITEDLIABILITYGORNAYAKOMPANIYATAYMYRSKAYA,company limited liability gor nayak om pani yat aym yrs kaya
44661,PEIPTEENERGYLTD,pei pte energy ltd
25435,LINESGULFSHIPPINGPERSIANLTD,lines gulf shipping persian ltd
23892,TRADERMATSUNICHICAOIL,trader mats uni chica oil
18132,DalaithyWendyAMARALAREVALO,dalai thy wendy amaral are valo
47781,COMPANYLIMITEDOILSERVICESLIABILITYTMKFIELD,company limited oil services liability tmk field
49430,LIABILITYCOMPANYELGALOGISTICSLIMITED,liability company el ga logistics limited
27973,SULTANALCOMPANYMONEYTRANSFER,sultan al company money transfer
32492,FayyadAhmadIhsanALHAYES,fay yad ahmad ihs anal hayes
28538,SANOVERASARLPHARMCOMPANY,san over asar lp harm company
39489,DERECSERVISACV,de rec ser visac v
27484,RamonAntonioAVELLANMEDAL,ramon antonio a vella n medal
52179,FONDORGANIZATSIYAPROGRAMMINVESTITSIONNYKHNEKOMMERCHESKAYA,fond organ iz at si ya programm invest it sion ny kh neko mmer che s kaya
52605,TECHNOLOGIESJIANGSULTDCOMPANYENVIRONMENTALKUNYEE,technologies jiangsu ltd company environmental kun yee
47895,LIABILITYHUBCOMPANYINNOVATIONLIMITED,liability hub company innovation limited
38157,INSTITUTEJSCSUBMICRONRESEARCHSCIENTIFIC,institute jsc sub micron research scientific
29861,HOTELMANAGEMENTSYRIANLLC,hotel management syrian llc
40261,DONETSKSITUATIONSOFREPUBLICEMERGENCYOFTHEMINISTRYPEOPLES,donetsk situations of republic emergency of the ministry peoples
43519,LIMITEDPRIVATEARVANNAVYANCOMPANYABR,limited private ar van navy an company abr
47370,INCORPORATEDNSSHIPPINGLEADER,incorporated ns shipping leader
47270,TRADEINVESTMENTSABASRO,trade investments a bas ro
15521,DESARROLLOSSADECVEVEREST,de sar rollo s sade cv everest
29105,TARASTEELTRADINGGMBH,tara steel trading gmbh
45251,MENEDZHMENTLLCMOSENESSET,men ed zh ment llc mos ene s set
45043,LIMITEDTRIBITCOMPANYLIABILITY,limited tri bit company liability
51971,COMPANYPOLARLIABILITYLITHIUMLIMITED,company polar liability lithium limited
50980,HAVACILIKSAVUNMAVETICARETSANAYIANONIMSERKETIMIREX,hava c ili ksa vu nm a vet i carets an a yi an on im serket i mirex
38059,COMPANYLIABILITYLIMITEDRBESTEIT,company liability limited r best e it
49682,OULLCCNTRADING,ou llcc n trading
25961,KABIRKARANNICKELPARS,kabir karan nickel pars
37690,SCIENTIFICCOMPANYCLOSEDPRODUCTIONJOINTSTOCKTOPAZENTERPRISE,scientific company closed production joint stock topaz enterprise
47776,HELILIMITEDINTERNATIONALPROSERVICES,he li limited international pro services
26466,TRAVELSMILEPROPERTYLTD,travel smile property ltd
45553,DOOLIBERTYLAKTASIGLOBAL,doo liberty la kt as i global
32678,GRODNOFACTORYOPENTOBACCOCOMPANYNEMANJOINTSTOCK,grodno factory open tobacco company ne man joint stock
37791,COMPANYTECHNOLOGYJOINTOPENSTOCKRTPROJECT,company technology join to penstock rt project
47619,AVBISLIMITEDLIABILITYCOMPANY,a vb is limited liability company
46643,MACHINERYSINOCOLTD,machinery sino colt d
30588,RamiroGARCIAMarvinAGUILAR,ramiro garcia marvin aguilar
11880,YAGUILARAGUILARLTDACIA,y aguilar aguilar lt dacia
10118,BUSINESSLAKESGREATCOMPANY,business lakes great company
13011,DEHOSPITALARIASAMEDICACVDISTRIBUIDORA,de hospital arias a medic acv dist rib ui dora
52307,GENERALALEXCHANGEHAZMIPARTNERSHIPALCOMPANYHAZMIANDKHALEDBROTHER,general alex change h azmi partnership al company h azmi and khaled brother
7883,ZimamabdalRazzaqMuhammadALSADUN,z imam abdal razz aq muhammad als a dun
45068,COMPANYLIABILITYLIMITEDMV,company liability limited mv
37257,AngelHUERTAMORGANMiguel,angel huerta morgan miguel
13115,SADRAMARINEIRANINDUSTRIALCOMPANY,sadr a marine iran industrial company
12741,FORCESYRIANINTELLIGENCEAIR,force syrian intelligence air
37779,ENTERPRISEPRODUCTIONSTOCKCOMPANYJOINTSCIENTIFICKONTAKT,enterprise production stock company joint scientific kon tak t
51072,MARINEALYASENDIRIANBERHAD,marine aly as end irian ber had
30851,COCOMBINEIRANMANUFACTURING,co combine iran manufacturing
44211,TREIDVOSTOKAOINVEST,t reid vostok ao invest
8407,TARIQSHANABABUCOMMERCETRADEESTFOR,tariq shana babu commerce trade est for
41129,COSCLTDPTYTRADE,cos c ltd pty trade
18795,OTKRYTOENOVOVYATKAAKTSIONERNOEOBSHCHESTVO,ot k ry toe novo vy atka a kts i one rno e ob shche st vo
40817,COMPANYLIMITEDATLASESTATELIABILITYREAL,company limited atlas estate liability real
40498,LinNGBeeSerena,linn g bee serena
7286,VERGELELLTDAGANADERIA,verge le ll td aga nader i a
20904,TROCHEZJoseZULETAOscar,t roche z jose zu let a oscar
52535,COMPANYKERAMAXJOINTSTOCK,company ker a max joint stock
35885,STOCKJOINTGLOBUSBJURORYAZANSKOECOMPANYKONSTRUKTORSKOE,stock joint globus b juror yaz an sko e company kon str uk tors ko e
35349,COMPANYBYUROCORPORATIONRESEARCHANDPRODUCTIONKONSTRUKTORSKOYESTOCKJOINTMASHYNOSTROYENIYA,company by uro corporation research and production kon str uk tors k oye stock joint m ashy nos troy eni ya
52215,COMPANYITALIABILITYTECHNOLOGYLIMITED,company it a liability technology limited
49366,LIMITEDNALCOMPANYSOLUTIONS,limited nal company solutions
32496,RaymundoMARRUFOCABRERAMiguel,ray mundo marr ufo cabrera miguel
11185,SILVAJesusHenrydeRANGEL,silva jesus henry de rangel
49439,LIMITEDLIABILITYKOULSTARCOMPANY,limited liability koul star company
11543,GONZALEZEnriqueHOYOSCarlos,gonzalez enrique hoyo s carlos
51144,SYSTEMSLASERCOMPANYLIMITEDPRECISIONLIABILITY,systems laser company limited precision liability
38376,COLTDTRANSPORTATIONSTORAGEZHONGGUAND,colt d transportation storage zhong gu and
52123,KHANTOSLIABILITYLIMITEDCOMPANYGAZPROMNEFT,khan to s liability limited company gazprom ne ft
33995,METALBINEDELJKOVICPTPSINISA,metal bin ed eljko vic p tps in is a
50140,KONGTRADINGHONGLIMITEDYAYANG,kong trading hong limited ya yang
43273,CONSULTORIABLOCKCHAINLDANOVO,consul tori a block chain lda novo
25783,LINESOFSHIPPINGCHINAIRANREPUBLICISLAMIC,lines of shipping china iran republic islamic
37522,OFELECTROMECHANICSJSCAUTOMATICSINSTITUTEMOSCOWAND,of electro mechanics jsc automatics institute moscow and
51063,ELITLIABILITYCOMPANYLIMITED,elit liability company limited
51670,BANKRFJOINTCOMPANYDOMSTOCK,bank rf joint company dom stock
16651,YolChanuongMANGOKMarial,yo l chan u ong mango km arial
43099,COMPANYJOINTPOLYUSALDANSTOCK,company joint poly usa ld an stock
51161,INDIAPRIVATELIMITEDAVIATIONASCEND,india private limited aviation ascend
49433,LIMITEDLIABILITYCOMPANYELGAUGOL,limited liability company el gau gol
37803,FERRITINSTITUTESCIENTIFICDOMENANDRESEARCH,ferr it institute scientific do men and research
44982,KatarzynaEwaPAWLOWSKAHANAFIN,katarzyna ewa paw low ska hanafi n
46033,LIMITEDCOMPANYKUTUZOVSKIYQUALIFIEDDEVELOPERLIABILITY16,limited company kut uz ovsk iy qualified developer liability 16
11471,MarthaVELASQUEZMUNERAMarina,martha velasquez mun era marina
52297,MuhammadSaidABDALWADUDWail,muhammad said abd alwa dud wail
30583,PierreJosephRichardDUPLAN,pierre joseph richard dupl an
50164,SOTVETSTVENNOSTYUOBSHCHESTVODEVELOPMENTNNOGRANICHENNOI,so tv et st ven nost yu ob shche st vo development n no gran i chen noi
7618,HernandoLuisALVAREZMONTANO,hernando luis alvarez mont a no
44241,GMBHOZEANKGSPEZIALTIEFBAUHORIZONTCO,gmbh oz e an kg spezia l tie fba u horizon t co
50770,SCIENTIFICSTOCKANDAVIONICACOMPLEXPRODUCTIONUSPENSKYMOSCOWOJOINTCOMPANYOFV,scientific stock and av ionic a complex production us pen sky moscow o joint company of v
50351,LIMITEDLIABILITYCOMPANYSOLGROUP,limited liability company sol group
48735,COMPANYPRIVATEASEMANSANATSHARIFPISHRO,company private as em an sanat sharif p is hro
22752,JesusSUAREZRafaelCHOURIO,jesus suarez rafael chou rio
43083,LLEFZEPRIVATEHURIYA,lle f ze private hur iy a
17812,AlcidesMiguelVIVASLANDINO,alcides miguel vivas landi no
19890,OFSTATELIBYAANDISLAMICINIRAQASHSHAM,of state libya and islamic in iraq ash sham
47433,OAOKRASNOARMEYSKIYZAVODMEKHANICHESKIY,o a okras no arm ey ski yz a vo d me khan iche ski y
49724,VANEGASKarenHERNANDEZStefany,vane gas karen hernandez stef any
19811,FayhanAbdallahHadiALANIZISharbanalRahmanAbd,fay han abdallah had iala niz is harb anal rahman abd
9329,IbrahimYasirHasanALTIKRITISabawi,ibrahim ya sir has anal tikriti saba wi
10651,COMERCIALDECVJOANASA,co mercia l dec v joan as a
40765,MARUNSUPPLEMENTALINDUSTRIESCOMPANY,ma run supplemental industries company
28932,CVDEDERLGROUPSCHLAGERSBUSINESS,cv dede rl group sch lagers business
46644,COMPANYLIMITEDBITVANLIABILITY,company limited bit van liability
37489,FaisalYusufAbdallahSABRI,faisal yusuf abdallah s a bri
43237,OOODOMTORGOVYIPROMELECTRONIKA,ooo do mt or gov yi prom electron ika
51667,BANKNATIONALSTOCKSTANDARDCOMPANYJOINT,bank national stock standard company joint
11849,EXPRESSDELTDACARGAMODERNATRANSPORTE,express de ltd a car ga modern a transport e
36012,TICARETASBVEGRUPANONIMSIRKETIENERJISANAYI,ti careta sb ve gr up an on im sir ke tie ner j is an a yi
11484,SADEPANAMACONDORAERONAUTICA,sade panama condor aeronautica
45348,NEWBANGDEYACOTECHNOLOGYJIANGSULTDMATERIAL,new bang dey a co technology jiangsu ltd material
23667,LIMITEDGHANATRADESTAR,limited ghana trade star
44084,SCIENTIFICRUSSIANSCIENCEINSTITUTIONFEDERALCENTERKAZANACADEMYOFFEDERALOFTHECENTERSCIENCESSTATEBUDGETARYRESEARCHOF,scientific russian science institution federal center kazan academy of federal of the center sciences state budgetary research of
30884,YusufSultanHasanALARIF,yusuf sultan has anal arif
43245,COMPANYLIMITEDLIABILITYFEMILIOFIS,company limited liability fe mili of is
49405,LIMITEDCOMPANYLIABILITYKORNET,limited company liability korn et
26077,ALBOSTANISaadMeshalM,al bo stanis aad mesh alm
25698,PaulinaAnaBARAJASSAHD,paulina an aba rajas s ahd
33232,QasabiLARIRidhaAli,q as abi lari ridha ali
16847,COCHARWHITEZHONGCHUANGDALIANLTD,co char white zhong chuang dalian ltd
41258,JoelSALAZARBALLESTEROSAlexandro,joel salazar ball ester os alexandro
31531,OvidioREYESRAMIREZLeonardo,ovid i or eyes ramirez leonardo
26820,PETROCHEMICALBESPARANCOMPANYBANDARIMAM,petrochemical be s paran company bandar imam
52126,REFINERYSTOCKOMSKCOMPANYGAZPROMNEFTJOINT,refinery stock omsk company gazprom ne ft joint
46693,PROMTEKHJOINTCOMPANYSTOCKIRKUTSK,prom tek h joint company stock irkutsk
15951,ALICOMPANYSINABUPETROCHEMICAL,ali company s in abu petrochemical
589,CRYMSASAARGENTINA,cry msas a argentina
22245,TRADEGANGCOQUANSHANGHAI,trade gang co quan shanghai
23707,SHIPPINGACHIMCOKOREA,shipping ac him co korea
52206,LIABILITYAVIALYUKSSERVISCOMPANYLIMITED,liability a vial yuks se rvis company limited
47692,COMPANYLIABILITYLIMITEDMP,company liability limited mp
32731,COMPANYFRONTLIABILITYLIMITEDDUBAIWATER,company front liability limited dubai water
40573,PRIMEANDSECURITYDEVELOPMENT,prime and security development
46048,PRESSMASHLIABILITYASSOCIATIONMACHINELIMITEDCOMPANYBUILDING,press mash liability association machine limited company building
8593,RELIEFAFRICANAGENCYISLAMIC,relief african agency islamic
49817,BAGUETTECVDEKLICSACOMERCIALIZADORA,baguette cv de kli csa co mercia liza dora
42302,OFLIMITEDARTHOUSE,of limited arthouse
51526,LLCGASSERVICEANDOFENERGYOIL,llc gas service and of energy oil
11539,AbdulALVARADORahimImad,abdul alvar a dorah imi mad
40176,PRODUCTIONENTERPRISELLCPRIMARESEARCH,production enterprise llc prima research
47751,JOINTCONTAINERCOMPANYCHEMICALPLANTVERKHNYAYASALDASTOCK,joint container company chemical plant ver kh nyaya salda stock
24977,TECHNOLOGYYANBIANNETWORKCOLTDSILVERSTAR,technology yan bian network colt d silver star
7874,HassanALSADIAmirHamudi,hassan als a diamir ham udi
47574,SYSTEMSJOINTSPACECOMPANYSTOCKGAZPROM,systems joint space company stock gazprom
23133,EnriqueCUEVASQUINTEROCarlos,enrique cueva squinter o carlos
44879,BUILDINGPLANTMACHINECOMPANYTONARLIMITEDLIABILITY,building plant machine company to nar limited liability
40942,AGAKUSSWISSTEC3D,a gaku s swiss tec 3 d
21114,SAFOLKLORCANTINAYDECVRESTAURANT,s a folk lorca nti nay dec v restaurant
48823,VEDISTICARETASAYICLIMITEDSIRKETI,ved is ti careta say ic limited sir ket i
47177,FarajALHAMIDAWIMuhsinAwqad,far a jal hamida wi muh s in a wq ad
11481,LOSSANTOSAGROGANADERASA,los santos a grogan a der as a
48486,PROJECTSTOCKSEACOMPANYJOINT,project stock sea company joint
10271,JesusALVAREZFredyDELRIOde,jesus alvarez fred y del rio de
49393,LIABILITYPRAVOURMISKOECOMPANYLIMITED,liability p rav our mis ko e company limited
47342,MuhammadFadlAbdALNABI,muhammad fadl abdal nabi
50342,YAKUTIALIQUIFIEDCOMPANYLIMITEDLIABILITYNATURALGAS,ya kuti a liquified company limited liability natural gas
37797,AKTSIONERNOEPROMYSHLENNOGOINSTITUTISSLEDOVATELSKIINAUCHNORASTROBSHCHESTVOTELEVIDENIYA,a kts i one rno ep romy s hlen no go institut is sled ovate l ski in auch nor astro b shche st vote levi den iy a
46823,LIMITEDTECHNOLOGY5CO,limited technology 5 co
50969,LIABILITYLIMITEDISONORBITALRESEARCHCOMPANYDYNAMICSINSTITUTION,liability limited is on orbital research company dynamics institution
47995,LTDMAIWECOMMUNICATIONCOWUHAN,ltd mai we communication co wuhan
7324,MOROCCANGROUPCOMBATANTISLAMIC,moroccan group combatant islamic
36098,JOINTCOMPANYSTOCKSUDOEXPORT,joint company stock sudo export
7167,AMEZQUITAMariaFREGOSOAntonieta,a mezquita maria fr ego so antonie ta
35875,810REPAIRJOINTSTOCKAIRCRAFTPLANTCOMPANY,810 repair joint stock aircraft plant company
52207,COMPANYLIMITEDLITHIUMIONLIABILITY,company limited lithium ion liability
46676,VOLGOGRADPROMPROEKTLIABILITYCOMPANYLIMITED,volgograd prom pro ek t liability company limited
12418,GonzaloGermanREYSANCHEZ,gonzalo german rey sanchez
50240,DESIGNMACHINECHEMICALOFBUREAUKBKHMBUILDING,design machine chemical of bureau kb kh m building
9541,LTDSIAMCOMPANYNICE,ltd siam company nice
49924,SHENZHENTECHNOLOGYRIONLTDCO,shenzhen technology rion ltd co
47539,IT1LIMITEDCOMPANYDIGITALSOLUTIONSLIABILITY,it 1 limited company digital solutions liability
18769,HIGHJSCSYSTEMSNPOPRECISION,high jsc systems n po precision
49520,LIABILITYSERVICESAEROSTAGECOMPANYLIMITED,liability services aero stage company limited
41058,LIMITEDLIABILITYCOMPANYRUDNIY,limited liability company rud ni y
12087,ManuelDUQUERAMIREZCarlos,manuel duque ramirez carlos
44878,AUTOMOTIVEMOSCOWMOSKVICHSTOCKJOINTFACTORYCOMPANY,automotive moscow mos k vich stock joint factory company
47856,BUREAUCONSTRUCTIONSYSTEMSOFINTEGRATEDLIMITEDLIABILITYCOMPANY,bureau construction systems of integrated limited liability company
47479,COMPANYMOSCOWLIMITEDARMSCOMPANYLIABILITY,company moscow limited arms company liability
45006,RUSSIANLLCENERGYGROUP,russian llc energy group
46435,AKTSIONERNOEOBSHCHESTVOKOMMERCHESKAYAALKORPROIZVODSTVENNAYAMNOGOPROFILNAYAFIRMAZAKRYTOE,a kts i one rno e ob shche st vo kom mer che s kaya a lk or pro iz vo dst ven naya mno go prof il naya firma zak ry toe
19769,KhalifaGHAWILMohamedAhmed,khalifa gh a wil mohamed ahmed
46720,GOLDSIBERIANTRANSLIMITED,gold siberian trans limited
43130,COMPANYLIABILITYSHIPPINGARCTICNEWLIMITED,company liability shipping arctic new limited
47572,GRUPPAKTSIONERNOENAVISOBSHCHESTVO,gr up pak tsi one rno e navi sobs h chest vo
49317,FARADCOMPANYLIMITEDLIABILITY,farad company limited liability
45993,LIMITEDREKLAMACOMPANYRADIOVOLOGDALIABILITY,limited re k lama company radio vol o gda liability
12416,DeysiMOLANOTORRESYamile,dey s imola no torres ya mile
48261,STARPIONEERBENCONTESTATEREAL,star pioneer ben conte state real
8262,BRANCHNETHERLANDSTHEALHARAMAIN,branch netherlands the al hara main
52099,EXPERTCOMPANYLIMITEDTRADINGSIAM,expert company limited trading siam
52473,MEDIALTDSEERESEARCH,media ltd see research
50321,QUANTUMLIABILITYCOMPANYLIMITED,quantum liability company limited
46915,MuhammadALSAYYIDSarahJamal,muhammad al sayyid sarah jamal
10640,DESAPATRACACV,desa patra c acv
52689,DANISMANLIKSIRKETIGAYRIMENKULATLASNOBLEANONIM,dan is man li ksi rke tiga yr i men kul atlas noble an on im
23365,JoseLEONEMiguelMARTINEZ,jose leone miguel martinez
47429,OTVETSTVENNOSTYUVIKTORIYASOGRANICHENNOIOBSHCHESTVO,otv et st ven nost yu viktor iy a so gran i chen noi ob shche st vo
48048,AdrianJorgeORTEGAGALLEGOS,adrian jorge ortega gallegos
48483,ZAPADCOMPANYINTEGRALSTOCKJOINT,zap ad company integral stock joint
52816,SHIPLIMITEDMARSHALPRIVATEMANAGEMENT,ship limited marshal private management
51180,INTERCOMPANYGROUPPODSHIPNIKLIABILITYLIMITED,inter company group pod ship nik liability limited
28296,REPUTABLELLCTRADINGSOURCE,reputable llc trading source
44884,DOOPODROCJUNATEHNOLOGIJEARKTECELEKTRONIKE,doo pod roc juna teh no log ije ark tec el ek tron ike
49206,HUASHENGCOINDUSTRYSHENZHENLTD,hua sheng co industry shenzhen ltd
49484,YURSKILIMITEDLIABILITYCOMPANY,yu r ski limited liability company
39678,MANAGEMENTLIMITEDSHIPEXPANSE,management limited ship expanse
26746,BVBAVOLTRATRANSCORENERGY,bvb a volt ratra nsc or energy
19389,ELDINEZAHERHamdi,e ldin eza her ham di
15968,GLOBALCOLTDSEALINE,global colt d sea line
46793,TRADINGMANDS,trading m and s
23777,HONGKONGHUAXINLTDSHIPPING,hongkong hua x in ltd shipping
49830,TECHNOLOGICALLIMITEDSYSTEMSZVIGENI,technological limited systems z vi geni
45922,COMPANYLIABILITYALFAKOMPONENTLIMITED,company liability alfa kom pone nt limited
49796,CVSADEPERMISIONARIOSTRAVER,cvs a de perm is iona rio stra ver
48734,PRIVATECOMPANYALVANDSANAYEMOTORSAZI,private company a lv and san aye motors a zi
23479,SYSTEMARMANNAMADPARDAZAN,system arm anna mad par daz an
20905,PERALTAEferJoseHIGUITA,peralta e fer jose hig u it a
42716,AFTEROFOILGROZNYEDUCATIONALSTATEHIGHERMDTECHNICALINSTITUTIONNAMEDSTATEFEDERALMILLIONSHCHIKOVEDUCATIONUNIVERSITYBUDGETARYACADEMICIAN,after of oil gro z ny educational state higher md technical institution named state federal million sh chi kov education university budgetary academician
30547,POLICEMINSKUNITPURPOSESPECIAL,police minsk unit purpose special
19184,RIVIERAPANAMASALA,riviera panama sala
45939,LIABILITY2COMPANYLIMITEDDECISIONSINVESTMENT,liability 2 company limited decisions investment
23048,RadwanAliMuhammadQANANHusayn,radwa n ali muhammad q an an husayn
44787,DISANKASANAYISIRKETIVEICLIMITEDINSAATTICARETLOJISTIKPORT,di sank asana yi sir ket ive ic limited in s a attic are tl oj is tik port
28230,YSERVICIOSDEINDUSTRIASCONSORCIOSAAERONAUTICASVENEZOLANOAEREOS,y ser vici os de indus trias cons or cio s a aeronautica sven e zola no aere os
46006,LIABILITYLIMITEDCOMPANYOMP,liability limited company o mp
49002,HamidOsmanMohamedMOHAMED,hamid osman mohamed mohamed
35024,ASSETLLCVEBRFMANAGEMENT,asset llc ve brf management
47538,LIABILITYCOMPANYLIMITEDGPBIT1,liability company limited gp bit 1
12206,TTPTEHRIKETALIBANPAKISTAN,tt p tehri ke taliban pakistan
26397,DALAIvanHERNANDEZRafael,dalai van hernandez rafael
30423,GuillermoCarlosAGUSTINSAN,guillermo carlos agustin san
40657,MININGNOENTERPRISE2,mining no enterprise 2
11884,ShabibKhalafALDULAYMIAhmad,s habib khal a fal du lay mi ahmad
21072,CVBOUNGALOWSVILLAAZULDESA,cv bou nga lows villa azul desa
47813,COMPANYJOINTUZHURALZOLOTOOFPUBLICSTOCKCOMPANIESGROUP,company joint u zh ural zo lo to of public stock companies group
48484,LIMITEDLIABILITYLASERFORMCOMPANY,limited liability laser form company
27943,EMPRENDIMIENTOSMISIONESINMOBILIARIOSSA,em pre ndi mien to s misiones in mobil i a rios s a
50534,BeatrizRODRIGUEZRODRIGUEZCaryslia,be atri z rodriguez rodriguez cary sli a
9387,CVDESACOMERCIALIZADORAAMIA,cv desa co mercia liza dora a mia
50407,LIMITEDTECHSTROYKOMPLEKSCOMPANYLIABILITY,limited techs troy kom ple ks company liability
28650,COANDIMPORTSUNLTDEXPORTDALIANGOLDEN,co and import sun ltd export dalian golden
33234,AbdAbdSHAMSAlRahmanAlNabi,abd abd shams al rahman al nabi
10650,DECVSASINMEXIMPORTADORA,dec vs as in mex import a dora
25634,DIDARTOSEEHOLDINGCOMPANYIRANIAN,did ar to see holding company iranian
8251,GONZALESZEVALLOSMaritzaLupe,gonzales zev all osmar itza lupe
21091,GRUPOEMPRESARIALFCCVSADE,grupo em pre saria lfc cvs a de
7870,MizbanIbrahimALAZZAWIHikmat,miz ban ibrahim a la zz aw ihi km at
49930,ROYOCOTECHNOLOGYSHENZHENLIMITED,roy o co technology shenzhen limited
49942,COMPANYDRONOPORTLIABILITYLIMITED,company dr ono port liability limited
24545,FINANCEALBILADINVESTMENTANDBANKISLAMICFORPSC,finance albi lad investment and bank islamic for ps c
51427,STOCKAKTIVJOINTCOMPANY,stock a kt iv joint company
45953,COMPANYLIMITEDAEROSCANLIABILITY,company limited aeros can liability
48545,STOCKMANELJOINTCOMPANY,stockman el joint company
51081,LIMITEDLIABILITYCOMPANYEKVIK,limited liability company ek vi k
18321,TRADINGSTATESEAPORTFEODOSIAENTERPRISE,trading state seaport fe odo sia enterprise
47993,GAMATICARETSANAYILIMITEDSIRKETIICDISVEOLIMPIK,g amati carets an a yi limited sir ket ii cd is ve olimpik
11487,GUADALESTGRUPOSACVDE,gua dale st grupo s acv de
46815,CatrionaBEUNKimberleyLucinda,cat rion a be un kimberley lucinda
7879,IbrahimHassanALTIKRITIWatban,ibrahim hassan al tikriti wat ban
50246,COMPANYSTRATIMJOINTSTOCK,company stra tim joint stock
50304,WHITEFZCOFOXSHIPMANAGEMENT,white f z co fox ship management
44603,MahamudALIYANIHASSANAhmed,maha mud ali yan i hassan ahmed
47516,BYSTROBANKCOMPANYPUBLICSTOCKJOINT,by s tro bank company public stock joint
26413,DRUGLAUNDERINGGOLDPHARMATRAFFICKINGORGANIZATIONMONEY,drug laundering gold p harm a trafficking organization money
4710,GENERALFORCOMMANDOFPALESTINEPOPULARLIBERATIONTHEFRONT,general for command of palestine popular liberation the front
11552,EnriqueORDONEZJorgeRINCON,enrique or done z jorge rinc on
23896,CONTROLSECURITYCAGROUPPLM,control security ca group plm
34990,RADARRADARMANAGINGKBHOLDINGOJSCCOMPANYSYSTEM,radar radar managing kb holding o jsc company system
49363,LIMITEDCOKONGTAVITHONG,limited co kong tavi thong
46750,GEOLOGICALCOMPANYSTOCKCHUKOTKAJOINTCOMPANYMINING,geological company stock chu kotka joint company mining
28174,BLUEDIAMONDSALOFFSHORESTAR,blue diamonds al offshore star
25464,COTWELFTHGMBHKGOCEAN,co twelfth gmbh kg ocean
10391,GUARDISLAMICCORPSREVOLUTIONARY,guard islamic corps revolutionary
48613,BIMLOGICLIMITEDCOMPANYLIABILITY,bim logic limited company liability
11554,UPEGUIAntonioFranciscoFLOREZ,up e gui antonio francisco flore z
47780,COMPANYRIMERALIABILITYLIMITED,company rim era liability limited
47698,LTDANDHESENIMPORTEXPORTGUANGZHOUCO,ltd and he sen import export guangzhou co
48654,TECHNOLOGIESJOINTCOMPANYSTOCKK,technologies joint company stock k
49944,GRANOBYEDINENIENAUCHNOPROIZVODSTVENNOE,gra no by ed in eni en auch no pro iz vo dst ven no e
45380,GUANLANGLTDHEBEICOBIOTECHNOLOGY,guan lang ltd hebei co biotechnology
26606,GROUPLAFLORIDALLCINVESTMENTS,group la florida llc investments
17237,ROOYANTECHPARSJAHAN,roo yan tech pars jahan
52136,NEFTOSOOGAZPROMAZIYA,ne f to soo gazprom a ziya
41178,CVPRODUZIONIDEDEPECASRL,cvp rod uzi onide de pec as rl
47287,MACIASVILLAMARJoseAdolfo,mac i as villa mar jose adolfo
45026,DESIGNCOMPANYJOINTSTOCKNOVATORBUREAUEXPERIMENTAL,design company joint stock nov at or bureau experimental
50741,NAUCHNOKAISANTPROIZVODSTVENNOEOBYEDINENIELIABILITYLIMITEDCOMPANY,n auch no kai sant pro iz vo dst ven no eo bye dine nie liability limited company
48800,TEKNIKLIMITEDNASIRKETIHAVACILIKVETICARET,tek nik limited nasir ket iha vac ili k vet i caret
33283,BELARUSOFDEPARTMENTINVESTIGATIONSOFTHEOFFINANCIALTHECOMMITTEESTATEREPUBLICOFCONTROL,belarus of department investigations of the of financial the committee state republic of control
25658,ANDPRODUCTIONINDUSTRYRAWEXPLORATIONMATERIALSCOMPANYNUCLEAR,and production industry raw exploration materials company nuclear
51467,STOCKCOMPANYJOINTBANKSINARAPUBLIC,stock company joint banks inara public
51962,COMPANYLIABILITYLIMITEDPETROENGINEERING,company liability limited petro engineering
12696,BANKOFLANDEAST,bank of land east
47543,SERVICEPLATFORMCOMPANYLIMITEDLIABILITY,service platform company limited liability
43070,LEADINGGRANITANDPRODUCTIONENTERPRISETECHNICAL,leading granit and production enterprise technical
48844,LIMITEDCOMPANYLIABILITYPROIZVODSTVENNOAPRIORIKOMPANIYATORGOVAYA,limited company liability pro iz vo dst ven no a priori kom pani yat or go vaya
44984,KOMPANIYALIMITEDPUTORANSKAYALIABILITYGORNAYACOMPANY,kom pani ya limited put or an s kaya liability gor naya company
46682,LIABILITYLIMITEDPROMTEKHPOSTAVKACOMPANY,liability limited prom tek h post a vka company
48518,PRIBOROVAKTSIONERNOEPOLUPROVODNIKOVYKHZAVODOBSHCHESTVOBOLKHOVSKII,pri boro vak tsi one rno epo lu provo d niko vy khz a vo dob shche st vo bol kh ovsk ii
50145,HIDALGOJuanPANDARESCarlos,hidalgo juan panda res carlos
52010,COZUOFUSHANGHAILTDXUANWUSEAFREIGHT,co zu of u shanghai ltd xuan wu sea freight
11485,PANAMADEGRUPOFALCONSA,panama de grupo falcons a
15000,MEZATRAFFICKINGDRUGFLORESORGANIZATION,meza trafficking drug flores organization
12188,CIRCUITODEELECTRONICOCVSA,circuito de electronic o cvs a
45010,KOMPANIYAENERGETICHESKAYACOMPANYLIMITEDLIABILITYSEVERNAYA,kom pani ya energetic he s kaya company limited liability severn aya
52494,STOCKPLANTCOMPANYTENTHBEARINGJOINT,stock plant company tenth bearing joint
34179,GONGCHUANGCOTECHNOLOGYLTDWUHANYUANCHENG,gong chuang co technology ltd wuhan yuan cheng
51541,RNLIMITEDLIABILITYCOMPANYSERVICE,rn limited liability company service
51593,OILLIMITEDGARANTCOMPANYSERVICELIABILITY,oil limit edgar ant company service liability
7651,OFTHEREPUBLICILIRIDAARMYOF,of the republic ili rida army of
6823,PATINOJulioVictorFOMEQUE,pati no julio victor fo me que
13008,FORTIADETURISTICOSSACVDESARROLLOS,for tia de turistic oss acv de sar rollo s
19234,DeliaLIRASOTELOAlma,delia liras ot elo alma
32891,MahmoodALRashidAmurHABSI,mahmood al rashid amur habs i
18822,SPRAGRICOLADETAVORL,spr agricola det av orl
34439,SALAMALTRAVELFORTOURISMDAR,salam al travel for tourism dar
11810,DUARTECARDENASConstanzaNorma,duarte cardenas con stanza norma
10692,MohammadAhmedBAHAZIQMahmoud,mohammad ahmed b ahaz iq mahmoud
45081,EbrahimAhmedALSHOFAAliAbdulnabiM,e brahim ah medals h of a ali abdul nabi m
21573,CONSTRUCTORASADECVVANIA,constructor as a dec v vania
47890,COMPANYLIABILITYLEDAMENCOMPANYLIMTEDINTERNATIONAL,company liability led a men company lim ted international
32179,SONSEXCHANGECOSWAIDFORAND,sons exchange cos w aid for and
50017,THERUSSIANINSTITUTIONINSTITUTETHE27STATEOFOFRESEARCHMINISTRYGOVERNMENTALOFCENTRALDEFENSEFEDERALFEDERATION,the russian institution institute the 27 state of of research ministry governmental of central defense federal federation
49421,LIABILITYELGALIMITED2MININGCOMPANY,liability el ga limited 2 mining company
28121,VELCOMDOOBEOGRADTRADE,vel com doo beograd trade
52247,OBSHCHESTVODOMINIKSOGRANICHENNOIOTVETSTVENNOSTYU,ob shche st vo dominik so gran i chen noi otv et st ven nost yu
44599,SERVICESANDFIDELISLOGISTICSUPPLY,services and fidelis logistic supply
50364,SIRKETIELEKTRONIKKAYRALIMITED,sir ke tie lek tron ikk ayr a limited
50317,LIMITEDLIABILITYMINTCOMPANY,limited liability mint company
46714,PROMTECHNOCERTNONPROFITAUTONOMOUSANDORGANIZATIONTESTINGCERTIFICATIONCENTER,prom techno cert nonprofit autonomous and organization testing certification center
30217,INSTITUTERASANEHGOSTARBAYAN,institute rasa neh go star bayan
37804,RESEARCHSTOCKANDMATERIALSCOMPANYINSTITUTESCIENTIFICELECTRONICJOINTOFENGINEERING,research stock and materials company institute scientific electronic joint of engineering
42184,LIABILITYNOVELCOCOMPANYLIMITED,liability novel co company limited
37049,MGFLOTCOMPANYLIMITEDLIABILITY,m gf lot company limited liability
10626,SANCHEZBlancaAGUIRREArmida,sanchez blanca aguirre arm ida
24668,HOLDINGSTRANSINTERNATIONALBVAFRICAN,holdings trans international b v african
28295,STEELCOIRONIRANIANGHADIR,steel coiron iranian g had ir
7308,HURTADOROMEROJairoJose,hurtado romero jair o jose
36421,RUTARGETLIMITEDLIABILITYCOMPANY,ru target limited liability company
15785,LOERAVILLEGASJuanCarlos,lo era villegas juan carlos
46686,INSTITUTENONPROFITANDAUTONOMOUSOFORGANIZATIONMARINEROBOTICSINSTRUMENTATION,institute nonprofit and autonomous of organization marine robotics instrumentation
51985,LIABILITYLIMITEDRIGINTELCOMPANY,liability limited rig intel company
26083,MALHAWSAWIAbdulazizMohammed,mal haw sawi abdulaziz mohammed
43238,ALTERNATIVALIABILITYCOMPANYLIMITED,alter nat iv a liability company limited
10005,CANOCAGUDELOSEN,can oc agudelo sen
8212,STATECOMPANYALHUDAFORRELIGIOUSTOURISM,state company al huda for religious tourism
39165,JOINTCOMPANYELEMENTSTOCK,joint company element stock
42317,SERVICESLOGISTICSANDBUSHRABACHIRSHIPPINGLLC,services logistics and bush ra bach ir shipping llc
50015,COMPANYLIMITEDNPKLIABILITYTESART,company limited np k liability tes art
11913,NATIONALBANKGAZAOFISLAMIC,national bank gaza of islamic
42328,COHKLIMITEDVOHOMTECHNOLOGY,co hk limited vo hom technology
39819,AEONIANCOKONGLIMITEDCOMPLEXHONG,aeon ian co kong limited complex hong
18087,AGCARLONSACVDE,ag carl on s acv de
51139,ARSENALCOMPANY63STOCKJOINT,arsenal company 63 stock joint
39148,OFPHYSICSOFTHEANDTECHNOLOGYFEDERATIONASCIENCERUSSIANACADEMYOFINSTITUTEINSTITUTIONVALIEVASTATESCIENCESKNAMEDFEDERALFINANCEDAFTER,of physics of the and technology federation a science russian academy of institute institution vali eva state sciences k named federal financed after
47652,SOBSHCHESTVO1AOGRANICHENNOIOTVETSTVENNOSTYU,sobs h chest vo 1 aog rani chen noi otv et st ven nost yu
7854,ALTIKRITIMuzahimHassanSab,al tikriti mu za him hassan sab
39319,AdonayCARIASARCHAGAYulan,a do nay cari as arch a gay ulan
17150,BASIRHAWALAHAJIANDCOMPANYZARJMIL,ba sir haw a la haji and company zar j mil
23712,KOREASHIPPINGCOSAMJONG,korea shipping co sam jong
48658,JOINTRESEARCHANDSTOCKMCOMPLEXCOMPANYPRODUCTIONALPHA,joint research and stock m complex company production alpha
25760,CVDESABOUTIQUEJAFIELA,cv desa boutique j afi ela
17025,CarlosVALLEJOMESAJuan,carlos vallejo mesa juan
12868,AliKARIMAbdulALI,ali karim abdul ali
48836,MarinFrancisPIDOUKOUAbbePasaman,marin francis pido u kou abbe pas a man
48693,COMPANYYARSPETSPOSTAVKALIABILITYLIMITED,company yar s pets post a vka liability limited
51175,LIMITEDSIRKETITICARETDISLOGEXLOJISTIKMASSANAYIVE,limited sir ket it i care td is loge xl oj is tik massa nay ive
45047,LIMITEDCOMPANYSTATUSLIABILITYCOMPLAINS,limited company status liability complains
51766,KRONACOMPANYLIABILITYBANKLIMITED,krona company liability bank limited
47548,BEZOPASNOSTISOTVETSTVENNOSTYUOBSHCHESTVOPRAKTICHESKOISISTEMYOGRANICHENNOI,bezopasnosti so tv et st ven nost yu ob shche stv opr a kt ich esko is is tem yog rani chen noi
15226,KHAMISMohammadDeebImad,khamis mohammad dee bi mad
10654,DESAJALSINCOMERCIALIZADORACV,desa jal s in co mercia liza dora cv
13028,BENGOECHEAJoseAntonioUrruticoechea,be ngo ec he a jose antoni our r utico ec he a
52093,EFSUPRIMIKSOSOO,e fsu prim ik so soo
45059,REDMETKONTSENTRATLIMITEDCOMPANYLIABILITY,red met kon t sent rat limited company liability
11245,CVFARMACIADESAJERLYNE,cv farm a cia desa jer lyne
51271,AlfredNANEZNAZARETCONTRERASFreddy,alfred na nez naz are t contreras freddy
28182,COMPANYREALESTATEALYUMUNSAL,company real estate al yum uns al
26468,CANADALTDSMILETECHNOLOGIES,canada ltd smile technologies
44467,PROPERTIESJAZEERALTDPVT,properties jazeera ltd pv t
19493,INDUSTRYMINISTRYOFATOMICENERGY,industry ministry of atomic energy
45256,PETROCHEMICALLLCTRADINGJEP,petrochemical llc trading j ep
47817,PLANTMETALLURGICALSTOCKJOINTCOMPANYSAMARA,plant metallurgical stock joint company samara
16533,AVIATIONFZESKYCOBLUE,aviation f ze sky co blue
18770,ELECTRONICSSTOCKOPENCOMPANYJOINTRUSSIAN,electronics stock open company joint russian
32120,COMPANYBOVAEOOD,company b ova e ood
48813,LIMITEDLIABILITYTRANSSTROYCOMPANY,limited liability trans s troy company
10012,HYOKSINCORPORATIONKOREATRADING,hyo ks incorporation korea trading
8207,HADDADBenBenAssenSalemFethi,had dad ben ben assen salem fet hi
50300,INDUSTRIALTECHNOLOGIESFRANCEGROUP,industrial technologies france group
37427,EXHIBITIONSARLUNITEDCOMPANYINTERNATIONAL,exhibitions a rl united company international
48622,TRADECOSOURCETIANJININTERNATIONALCREATIVELTD,trade co source tianjin international creative ltd
50158,NORILSKIOTVETSTVENNOSTYUOBESPECHIVAYUSHCHIKOMPLEKSOGRANICHENNOIOBSHCHESTVOS,norilsk i otv et st ven nost yu obe spec hi vayu sh chi kom p lek so gran i chen noi ob shche st vos
15842,MORALESJairoEstuardoORELLANA,morales jai roe stu ar do orellana
52208,LIABILITYCOMPANYLIMITEDAPEKSGRUP,liability company limited a pek sgr up
16623,VALLEArnulfoMiguelVALLE,val learn ulf o miguel valle
45588,PRECISIONANDRESEARCHPLANARHOLDINGSFORENGINEERINGPRODUCTION,precision and research planar holdings for engineering production
9408,DORADOSDEEXPRESSCVAUTOSA,dorados de express cv autos a
47870,COMPANYMEKHANIKAJOINTSTOCK,company me khan ika joint stock
47129,HERZALLAHANDSAMIREXCHANGEANDMONEYFORREMITTANCESBROTHERS,herz allah and samir exchange and money for remittances brothers
26694,MONTSERRATAlbertoJorgeARREAZA,montserrat alberto jorge ar re aza
11531,COSTILLAEduardoJorgeSANCHEZ,costilla eduardo jorge sanchez
40983,PLASTICMATERIALSTRADINGLLCBORDO,plastic materials trading llc bor do
47596,PRESSANDFORGEJOINTCHELYABINSKPLANTPUBLICCOMPANYSTOCK,press and forge joint chelyabinsk plant public company stock
48877,MUROMCOMPANYBUREAUDESIGNSPECIALSTOCKJOINT,muro m company bureau design special stock joint
17122,FlorindoEleuterioFLORESHALA,florin do ele uteri o flores hala
11949,PARRAAngelSOTOMiguel,parr a angel so to miguel
45982,DAFENGCOLLCASIA,da feng coll c asia
11833,PedroCASTILLOGUERREROOliveiro,pedro castillo guerrero olive i ro
36425,LIABILITYCOMPANYBARUSLIMITED,liability company baru s limited
47840,HOMEBUILDERPUBLICPIKSTOCKSPECIALIZEDCOMPANYJOINT,home builder public pi k stock specialized company joint
51216,ETOPLIMITEDCOELECTRONICSHK,e top limited co electronics hk
11909,CAMPEROSRENTALTDAURABA,camp eros rental td aura ba
11701,WASHESTETICACVSADECAR,was he ste tica cvs a de car
12423,CASTILLODarioDanitDORIA,castillo dario dan it doria
13173,AntonioFranciscoCOLORADOCESSA,antonio francisco colorado ces s a
52599,OPTICALGLASSJOINTSTOCKPLANTCOMPANYLYTKARINO,optical glass joint stock plant company ly t kari no
51281,FASTEIRLIABILITYLIMITEDCOMPANYINTERNESHNL,fast eir liability limited company internes hnl
46849,AbdulASANNihatKadir,abdul as an nih atka dir
34120,RuknooddinShaheedBHOREMohammed,ru kno odd in shaheed bh ore mohammed
10365,CVJAMAROCONSTRUCTORESDESA,cv j amaro constructor es desa
49997,JOINTSPECIALFORCOMPANYSTATE31DESIGNSTOCKINSTITUTECONSTRUCTION,joint special for company state 31 design stock institute construction
49969,LIMITEDINCSHOREBRIGHT,limited inc shore bright
8315,ALATRUSHMirzaUmaralWahhabAbd,al at rush mirza umar al wahhab abd
35865,MOLOTAKTSIONERNOEZAVODELEKTROMEKHANICHESKIIOBSHCHESTVOPETROVSKII,mo lot a kts i one rno eza vo de lek t rome kha niches kii ob shche st vo petrov ski i
31675,OFOFOBLASTCOMMITTEEINTERNALEXECUTIVEBRESTDIRECTORATEAFFAIRSTHE,of of oblast committee internal executive brest directorate affairs the
41661,CVMXDEBUSSINESCORPORATIVOSAINSIDER,cv mx de bus sines corpora ti vos a insider
29120,LIMITEDCOMMODITIESJIANGTRADEJIAYISMALLCOMPANYZHE,limited commodities jiang trade jia yi small company zhe
51466,NEZAVISIMYIREGIONALNYIOBSHCHESTVOAKTSIONERNOEAGENTSTVOREGISTRATOR,nez avi sim yi regional nyi ob shche stv oak tsi one rno e agents tv or egis tr at or
10381,SALAZARCAZAREZVictorEmilio,salazar c aza rez victor emilio
40933,LIMITEDDISNAABSIRKETIKIMYATICARET,limited d isn aab sir ke tiki my at i caret
41664,RESGUARDOCVSASERVICIOSINTEGRALESVALORESDERSVIYDE,res guard o cvs as er vici os integral es valore s de rsv iy de
7473,RIYADUSSALIKHINRECONNAISSANCESABOTAGEANDTHEMARTYRSOFCHECHENBATTALION,ri yad uss ali khin reconnaissance sabotage and the martyrs of chechen battalion
4108,MiguelOREJUELARODRIGUEZAngel,miguel ore jue la rodriguez angel
49169,SHIPYARDBELOGORODSKAYALIMITEDLIABILITYCOMPANY,shipyard be logo rods kaya limited liability company
52262,OFARMEDPEOPLESTHE53THEMINISTRYDEPARTMENTFORCESOF,of armed peoples the 53 the ministry department forces of
50430,COMPANYFZELIABILITYGOLIMITEDSERVICES,company f ze liability go limited services
48906,LIMITEDBELLUGASIRKETIVEICTICARETDIS,limited bell uga sir ket ive ict i care td is
37770,LIMITEDLIABILITYALFAINVESTCOMPANY,limited liability alfa invest company
13346,ORDONEZAlirioHermesCASANOVA,or done zal i rio hermes casanova
46471,JOINTCOMPANYSTOCKALEVKURPOPEN,joint company stock a lev kur pope n
47507,PIPECOMPANYPOLYMERPLANTLIMITEDLIABILITY,pipe company polymer plant limited liability
34957,FZEFANIOILTRADING,f zef ani oil trading
42204,TRANSLINEINVESTLIMITEDCOMPANYLIABILITY,trans line invest limited company liability
36517,AKTSIONERNOEINZHINIRINGOVAYAOBSHCHESTVOKORPORATSIYANATSIONALNAYA,a kts i one rno e in zhin i ringo vaya ob shche stv ok or po rats i yan at s ional naya
51275,SIRKETIENDUSTRITICARETICONIHRACATLIMITED,sir ke tien dust rit i caret icon ihr a cat limited
24812,INFANTRYDIVISION33RDARMYTHEOFLIGHTBURMESE,infantry division 33 rd army the of light burmese
35894,COMPANYENGINEERINGJOINTPRODUCTIVESTUPINOENTERPRISESTOCK,company engineering joint productive s tupi no enterprise stock
47853,GOLDGEYSERLIABILITYLIMITEDCOMPANY,gold geyser liability limited company
52227,SNABDZHETLIABILITYCOMPANYLIMITED,s nab dz he t liability company limited
47771,COMPANYLIMITEDSERVISRIMERALIABILITY,company limited se rvis rim era liability
46468,AliAlAbedBARAKARahman,alia la bed baraka rahman
38060,DALNEVOSTOCHNAYALIABILITYAVIAKOMPANIYAKSMCOMPANYLIMITED,dal n evo stoch naya liability a via kom pani yaks m company limited
35890,COMPANYPMREDUCTORJOINTSTOCK,company pm re duct or joint stock
34279,ENTERPRISENEGOCIOSCOMERCIOEEIRELIMOVEISINTERMEDIACAODEDE,enterprise ne go cio s comercio e eir eli move is intermedia cao dede
13358,LuisGerardoCARDONAIBARRA,luis gerardo cardona i barra
48543,MCOMPANYTREALLIMITEDLIABILITY,m company t real limited liability
33878,DOODOLLYBEOGRADNOVIBEOGRADBELL,doo dolly beograd novi beograd bell
34538,BANKVENTUREJOINTVIETNAMRUSSIA,bank venture joint vietnam russia
11418,UNIDOSSELVAAEREOSTRANSPORTESSAAMAZONICA,unidos s elva aere os transport ess a amazon ica
40992,KAMBIZPARTNERSANDNABIZADEHEXCHANGE,kam biz partners and nabi za deh exchange
48948,LIMITEDTRADINGHORIZONSNEW,limited trading horizons new
45778,DISSIRKETILIMITEDSMARTGROUPVETICARETTECHNOLOJISTIK,d is sir ket i limited smart group vet i caret techno lo j is tik
52235,LIABILITYPROIZVODSTVENNOENEVAAPPARATCOMPANYPREDPRIYATIENAUCHNOLIMITED,liability pro iz vo dst ven no en eva appa rat company pre dpr iy a tien auch no limited
25479,COMPANYLINESIRITALSHIPPING,company line sir it al shipping
36020,HAOKUNCOMPANYENERGYGROUPLIMITED,hao kun company energy group limited
18108,SANCHEZRominaSilviaCARLON,sanchez rom in a silvia carl on
45952,MFGGLOBLELIMITEDBESTOP,m fg glob le limited be stop
51785,STOCKCOMMERCIALFDCOMPANYJOINTURALBANK,stock commercial fd company joint ural bank
11607,MINESINDUSTRIESDEVELOPMENTANDORGANIZATIONANDMININGRENOVATIONIRANIAN,mines industries development and organization and mining renovation iranian
26861,RESOURCESSOUTHCOMPANYWEALTH,resources south company wealth
46627,LIMITEDIMAXCHIPTECHNOLOGYCO,limited imax chip technology co
10657,ALJABURIRakinThaminMishan,al j a buri rak in tham in mi shan
2685,MuhammadTalalRashidNAJI,muhammad talal rashid na ji
39217,LIMITEDINTERNATIONALCOMPANYDYNASTY,limited international company dynasty
40950,ENERGYFZEALBAHRALAAHMAR,energy f zeal bahr a la ahmar
25020,TADBIRGARANIRANIANINVESTMENTATIYEHCOMPANY,tad bir gar an iranian investment at i yeh company
34916,AneliSUNIGAIselMORFIN,an eli sun iga is elmo rf in
46712,LIMITEDCOSEMICONDUCTORSCI,limited co semiconductor sci
45946,KOMPLEKTCOMPANYLIABILITYLEGIONLIMITED,kom ple kt company liability legion limited
27446,PARSCOETEMADTEJARATE,pars coe tem a dte j a rate
49778,OBSHCHESTVOAKTSIONERNOEDISPLEIKOMPONENT,ob shche stv oak tsi one rno ed is plei kom pone nt
50552,ENGINEERINGCOMPANYAMADBEHINEHSAZ,engineering company a mad beh in eh s az
29112,JAHANSIRJANCOMPLEXSTEEL,jahan sir jan complex steel
49162,FANKAVCOANDISHRAYAN,f anka v co an dish ray an
45290,MOHAMEDKARTIAliAhmed,mohamed kart i ali ahmed
13405,DESERVICIOSSAVILLABONITAGASOLINERAYCV,de ser vici oss a villa bonita gasoline ray cv
29066,DIVISIONSYRIANTHEFOURTHARABARMYOF,division syrian the fourth arab army of
9553,PARTNERSHIPBANGKOKDESIGNLIMITEDARTIFLORA,partnership bangkok design limited art i flora
28060,HOLDINGSINTERNATIONALHOTELSINVESTMENTAS,holdings international hotels investment as
21904,ALOTAIBIAMohammedMubarak,a lot a ibi a mohammed mubarak
26326,VARIABLEDEANONIMALINMOCAPITALSOCIEDAD,variable dean on i mal in mo capital sociedad
45669,KamalALSHAWASharifAmer,kamal al shaw a sharif amer
50787,KONSTRUKTORSKOEBYUROLIMITEDCOMPANYLIABILITYVALKIRIYA,kon str uk tors ko e by uro limited company liability val kiri ya
11853,CIAJERGALJAIMESCSVYJEREZSCS,cia jer gal jaime s csv y jerez sc s
11616,BREYELLERCOKGGMBHTECHNOLOGYSTAHL,bre yeller co kg gmbh technology stahl
10413,CHARITABLEGOODWILLORGANIZATIONINC,charitable goodwill organization inc
25144,INTERNATIONALLAMAOFFSHORESALFOODS,international lama offshore sal foods
40378,ZAMUDIOAlfonsoLERMALuis,zam udio alfonso lerm a luis
48501,AKTSIONERNOEBYURORIOPROEKTNOOBSHCHESTVOKONSTRUKTORSKOE,a kts i one rno e by uro rio pro ek t noob shche stv ok on str uk tors ko e
15163,ENERGYINTERTRADEPETROCOMPANY,energy inter trade petro company
35893,HELICOPTERCOMPLEXROSTOVPRODUCTION,helicopter complex rostov production
44089,LIMITEDLIABILITYCENTERPETROLEUMTYUMENCOMPANYRESEARCH,limited liability center petroleum tyumen company research
41257,LuisROMANEduardoFLORES,luis roman eduardo flores
49492,PTELTDLINEPCB,pte ltd line pcb
25807,BMIICGENERALINTERNATIONALLLCTRADING,bmi ic general international llc trading
51202,BHDINDUSTRIALSDNMORALABILITY,b hd industrials dn moral ability
46510,EQUIPMENTSPARETRADINGSAANDLLCPARTSMACHINERYTHEAVY,equipment spare trading s a and llc parts machinery t heavy
49177,PROIZVODSTVENNOEOBYEDINENIENAUCHNOGORIZONT,pro iz vo dst ven no eo by ed in eni en auch no gori zon t
26566,MOVAHHEDGROUPSHAHIDDANESH,mova h he d group shahid danes h
51096,PRIVATESHARPLINELIMITEDAUTOMATION,private sharp line limited automation
18531,SALAHYunisMahirJawad,salah yun is mahi rj awad
50890,FORTHEINSTITUTESCIENCESRUSSIANACADEMYPROGRAMMINGOFOFSYSTEM,for the institute sciences russian academy programming of of system
48740,COMPANYGROUPPUBLICSTOCKASTRAJOINT,company group public stock astra joint
8596,AbdulMUHAMADABBAKARAziz,abdul mu hamada b bakar aziz
35324,LIABILITYINVESTMENTSNEMCHINOVOCOMPANYLIMITED,liability investments nem chi novo company limited
50170,OOOSEKYURITISERVISISDIDZHITAL,ooo sek yuri tis e rvis is did zhi tal
41487,KTHSROGROUPSPOL,k th s ro groups pol
18553,COMPANYINVESTMENTANDEKODEVELOPMENT,company investment and e ko development
48435,AKTSIONERNOEOBSHCHESTVOKONSTRUKTORSKOEBYUROAPPARATOSTROENIYATSENTRALNOE,a kts i one rno e ob shche stv ok on str uk tors ko e by uro appa rat ostr oen iy at sent ral no e
49537,TERSANECILIKGEMISANAYISIRKETITICARETLIMITEDBULUTLAR,ter sane c ili kg em is an a yi sir ket it i caret limited bul ut lar
9407,FINASNORTESSASANIGNACIODECVCARNESDEL,fin as nor tessa san ignacio dec v carnes del
43248,LIABILITYLIMITEDCOMPANYIKMENEDZHMENT,liability limited company ik men ed zh ment
22248,ArcadioJesusdeROSALESDELGADO,arca dio jesus de rosales delgado
51462,AKTSIONERNOEOBSHCHESTVOREGISTRATORKAPITAL,a kts i one rno e ob shche st vo regi strat or kapital
26210,RIMIINEWGROUPPROPERTIESCORPYORKOF,rim ii new group properties corp york of
49507,PLANTENTERPRISEUNITARYPRODUCTIONSVT,plant enterprise unitary production svt
31193,AbdALGHAMARIMuhammadAlKarim,abdal gh a mari muhammad al karim
48845,EVOLLIMITEDSIRKETIGROUPTRYAZILIM,e vol limited sir ket i group try a zi lim
39157,JOINTSTOCKRESEARCHANDDEVELOPMENTENTERPRISECOMPANYRADIOSVYAZ,joint stock research and development enterprise company radio sv yaz
16210,RIOSJuanitaCarmenHERNANDEZDel,rios juanita carmen hernandez del
49449,BIZNESJOINTPROYEKTCOMPANYSTOCK,biz nes joint pro ye kt company stock
52236,LIMITEDLIABILITYCOMPANYVELOKS,limited liability company velo ks
18739,LEASINGSTOCKVTBCOMPANYJOINT,leasing stock vt b company joint
40741,MOUSAHeidariMohammadSadegh,mo usa he i dari mohammad sade gh
26654,BAYINCORPORATEDSHIPPINGBALLITO,bay incorporated shipping ball i to
15140,LIMITEDSHIPPINGCOMPANYSINA,limited shipping company s in a
36057,PUBLICJOINTNEVSKOECOMPANYDESIGNBUREAUSTOCK,public joint nev sko e company design bureau stock
