test_id,test_name,matched_id,matched_name,score,is_correct
48766,MAKAROVSergeiVyacheslavovich,48766,"MAKAROV, Sergei Vyacheslavovich",100.0,1
50860,CASTROALVAREZJoseSinue,50860,"CASTRO ALVAREZ, Jose Sinue",100.0,1
17278,KELMENDILiridon,17278,"KELMENDI, Liridon",100.0,1
52600,PORTEXTRADELIMITED,52600,PORTEX TRADE LIMITED,100.0,1
40778,RAYKESOlgaBorisovna,40778,"RAYKES, Olga Borisovna",100.0,1
36000,MINNIKHANOVAGulsinaAkhatovna,36000,"MINNIKHANOVA, Gulsina Akhatovna",100.0,1
17017,BMBANKJSC,17017,BM BANK JSC,100.0,1
47231,ZEENITSUPPLYANDTRADINGDMCC,47231,ZEENIT SUPPLY AND TRADING DMCC,100.0,1
12476,PARSOILANDGASCOMPANY,12476,PARS OIL AND GAS COMPANY,100.0,1
18821,AGRICOLABOREALSPRDERL,18821,AGRICOLA BOREAL S.P.R. DE R.L.,100.0,1
39211,SHELESTENKOHennadiyOleksandrovych,39211,"SHELESTENKO, Hennadiy Oleksandrovych",100.0,1
18750,INSURANCECOMPANYSBERBANKINSURANCELIMITEDLIABILITYCOMPANY,18750,INSURANCE COMPANY SBERBANK INSURANCE LIMITED LIABILITY COMPANY,100.0,1
26175,CROWNAUTOTRADE,26175,CROWN AUTO TRADE,100.0,1
33021,GONZALEZBRITOAndresLaureano,33021,"GONZALEZ BRITO, Andres Laureano",100.0,1
46578,FUTURISFZE,46578,FUTURIS FZE,100.0,1
13127,MOHAMMADHajiBaz,8867,"MOHAMMAD, Haji Baz",100.0,0
27223,OOThan,27223,"OO, Than",100.0,1
26744,LIMITEDLIABILITYCOMPANYNONBANKCREDITORGANIZATIONRUSSIANFINANCIALSOCIETY,26744,LIMITED LIABILITY COMPANY NON-BANK CREDIT ORGANIZATION RUSSIAN FINANCIAL SOCIETY,100.0,1
42098,MIKHAILOVSKIYGORNOOBOGATITELNIYKOMBINATJOINTSTOCKCOMPANY,42098,MIKHAILOVSKIY GORNO OBOGATITELNIY KOMBINAT JOINT STOCK COMPANY,100.0,1
30393,SELKBAFCO,30393,SELKBAF CO,100.0,1
52249,SAHINLERMETALMAKINAENDUSTRIANONIMSIRKETI,52249,SAHINLER METAL MAKINA ENDUSTRI ANONIM SIRKETI,100.0,1
15005,ROSHANMONEYEXCHANGE,15005,ROSHAN MONEY EXCHANGE,100.0,1
32498,GONZALEZHIGUERAJaime,32498,"GONZALEZ HIGUERA, Jaime",100.0,1
13436,INVERSIONESIRISMANUELASA,13436,"INVERSIONES IRIS MANUELA, S.A.",100.0,1
47129,SAMIRHERZALLAHANDBROTHERSFORMONEYEXCHANGEANDREMITTANCES,47129,SAMIR HERZALLAH AND BROTHERS FOR MONEY EXCHANGE AND REMITTANCES,100.0,1
48847,LIMITEDLIABILITYCOMPANYPROFFLAB,48847,LIMITED LIABILITY COMPANY PROFFLAB,100.0,1
26672,BIZNESSTOLITSAOOO,26672,"BIZNES-STOLITSA, OOO",100.0,1
37021,DVESTOLITSYOOO,37021,DVE STOLITSY OOO,100.0,1
16463,PADIERNAPENALuisOrlando,16463,"PADIERNA PENA, Luis Orlando",100.0,1
34680,TRINITEXOOO,34680,TRINITEX OOO,100.0,1
12751,TORRESFELIXManuel,12751,"TORRES FELIX, Manuel",100.0,1
17003,QUISPEPALOMINOVictor,17003,"QUISPE PALOMINO, Victor",100.0,1
47678,AITISICO,47678,AI TI SI CO,100.0,1
46528,LIMITEDLIABILITYCOMPANYSPECTRUM,46528,LIMITED LIABILITY COMPANY SPECTRUM,100.0,1
26715,ALRAWIMuhammadAbdalQadirMutniAssaf,26715,"AL-RAWI, Muhammad Abd-al-Qadir Mutni Assaf",100.0,1
31851,MAINDIRECTORATEFORCOMBATINGORGANIZEDCRIMEANDCORRUPTIONOFTHEMVDOFTHEREPUBLICOFBELARUS,31851,MAIN DIRECTORATE FOR COMBATING ORGANIZED CRIME AND CORRUPTION OF THE MVD OF THE REPUBLIC OF BELARUS,100.0,1
11280,SHIHKuoNeng,11280,"SHIH, Kuo Neng",100.0,1
45060,SYROVATSKAYAOlgaVladimironva,45060,"SYROVATSKAYA, Olga Vladimironva",100.0,1
46703,PANAleksandrVladimirovich,46703,"PAN, Aleksandr Vladimirovich",100.0,1
10629,RUIZZAVALAAleyda,10629,"RUIZ ZAVALA, Aleyda",100.0,1
48873,LISYUKAlekseyVasilyevich,48873,"LISYUK, Aleksey Vasilyevich",100.0,1
19889,ISILSAUDIARABIA,19889,ISIL-SAUDI ARABIA,100.0,1
32471,CHENDong,32471,"CHEN, Dong",100.0,1
30757,ESFARAYENINDUSTRIALCOMPLEX,30757,ESFARAYEN INDUSTRIAL COMPLEX,100.0,1
46789,DEGEETEREHans,46789,"DE GEETERE, Hans",100.0,1
18619,KHANHafizSaeed,18619,"KHAN, Hafiz Saeed",100.0,1
48332,JSCNIIEVM,48332,JSC NIIEVM,100.0,1
26170,MISHKINAlexanderYevgeniyevich,26170,"MISHKIN, Alexander Yevgeniyevich",100.0,1
35651,KONONOVVladimirMikhaylovich,35651,"KONONOV, Vladimir Mikhaylovich",100.0,1
39479,CORPORATIVOTITLEISADECV,39479,"CORPORATIVO TITLE I, S.A. DE C.V.",100.0,1
17242,AGRICULTURALCOOPERATIVEBANK,17242,AGRICULTURAL COOPERATIVE BANK,100.0,1
9993,CANOALZATEYolandaSofia,9993,"CANO ALZATE, Yolanda Sofia",100.0,1
39939,ZABIHPOURAmenehSadat,39939,"ZABIHPOUR, Ameneh Sadat",100.0,1
7317,ECHEBERRIASIMARROLeire,7317,"ECHEBERRIA SIMARRO, Leire",100.0,1
36034,POLTAVCHENKOGeorgiySergeyevich,36034,"POLTAVCHENKO, Georgiy Sergeyevich",100.0,1
35333,JOINTSTOCKCOMPANYFEDERALSCIENTIFICANDPRODUCTIONCENTERTITANBARRIKADY,35333,JOINT STOCK COMPANY FEDERAL SCIENTIFIC AND PRODUCTION CENTER TITAN BARRIKADY,100.0,1
42729,KONEISTOINTERNATIONALOY,42729,KONEISTO INTERNATIONAL OY,100.0,1
43247,LIMITEDLIABILITYCOMPANYIKSORA,43247,LIMITED LIABILITY COMPANY IKSORA,100.0,1
26839,IRANIANPETROCHEMICALINVESTMENTDEVELOPMENTMANAGEMENTCOMPANY,26839,IRANIAN PETROCHEMICAL INVESTMENT DEVELOPMENT MANAGEMENT COMPANY,100.0,1
42063,LEDRANOMINEESLIMITED,42063,LEDRA NOMINEES LIMITED,100.0,1
46485,SOLISEENERGYFZE,46485,SOLISE ENERGY FZE,100.0,1
50948,EKIMPORT,50948,EK IMPORT,100.0,1
44264,NAIENERGYEUROPEGMBHCOKG,44264,NAI ENERGY EUROPE GMBH & CO. KG,100.0,1
49941,LIMITEDLIABILITYCOMPANYTSIFRA,49941,LIMITED LIABILITY COMPANY TSIFRA,100.0,1
26244,LIAONINGDANXINGINTERNATIONALFORWARDINGCOLTD,26244,LIAONING DANXING INTERNATIONAL FORWARDING CO. LTD.,100.0,1
49955,JOINTSTOCKCOMPANYAEROCON,49955,JOINT STOCK COMPANY AEROCON,100.0,1
36877,TIMCHENKOVyacheslavStepanovich,36877,"TIMCHENKO, Vyacheslav Stepanovich",100.0,1
17008,BUSTAMANTEJARAMILLOLuisCarlos,17008,"BUSTAMANTE JARAMILLO, Luis Carlos",100.0,1
10689,SAEEDMuhammad,10689,"SAEED, Muhammad",100.0,1
50272,CHERBOVGlebSergeyevich,50272,"CHERBOV, Gleb Sergeyevich",100.0,1
18940,WAKEDHATUMNidalAhmed,18940,"WAKED HATUM, Nidal Ahmed",100.0,1
11613,ASCOTECSTEELTRADINGGMBH,11613,ASCOTEC STEEL TRADING GMBH,100.0,1
41963,AKTSIONERNOEOBSHCHESTVOTESTPRIBOR,41963,AKTSIONERNOE OBSHCHESTVO TESTPRIBOR,100.0,1
45589,GAZPROMNEFTSCIENCEANDTECHNOLOGYCENTRELIMITEDLIABILITYCOMPANY,45589,GAZPROMNEFT SCIENCE AND TECHNOLOGY CENTRE LIMITED LIABILITY COMPANY,100.0,1
41492,SERGHIDESDemetrios,41492,"SERGHIDES, Demetrios",100.0,1
16230,ISMAELIsmael,16230,"ISMAEL, Ismael",100.0,1
37620,BYTRADEOU,37620,BY TRADE OU,100.0,1
50734,JOINTSTOCKCOMPANYRESEARCHANDPRODUCTIONASSOCIATIONVOLNA,50734,JOINT STOCK COMPANY RESEARCH AND PRODUCTION ASSOCIATION VOLNA,100.0,1
39280,TIBALAJIPETROCHEMPRIVATELIMITED,39280,TIBALAJI PETROCHEM PRIVATE LIMITED,100.0,1
50812,LIMITEDLIABILITYCOMPANYTSKGRANDAVTO,50812,LIMITED LIABILITY COMPANY TSK GRANDAVTO,100.0,1
35709,PTITSYNRomanViktorovich,35709,"PTITSYN, Roman Viktorovich",100.0,1
37873,VYBORNYKHMaksimVladimirovich,37873,"VYBORNYKH, Maksim Vladimirovich",100.0,1
37477,QAFISHEHHishamYounisYahia,37477,"QAFISHEH, Hisham Younis Yahia",100.0,1
50767,JOINTSTOCKCOMPANYLASERSERVICE,50767,JOINT STOCK COMPANY LASERSERVICE,100.0,1
50517,HERNANDEZLAREZJohanAlexander,50517,"HERNANDEZ LAREZ, Johan Alexander",100.0,1
29925,JEDIDMilad,29925,"JEDID, Milad",100.0,1
46634,OZKAYAOTOMOTIVMAMULLERIPAZARLAMASANAYIVETICARETANONIMSIRKETI,46634,OZKAYA OTOMOTIV MAMULLERI PAZARLAMA SANAYI VE TICARET ANONIM SIRKETI,100.0,1
25971,IRANIANTITANIUMDEVELOPMENT,25971,IRANIAN TITANIUM DEVELOPMENT,100.0,1
32954,JOINTSTOCKCOMPANYNOBILITY,32954,JOINT STOCK COMPANY NOBILITY,100.0,1
20580,KANGBONGTRADINGCORPORATION,20580,KANGBONG TRADING CORPORATION,100.0,1
36814,KISLOVAndreyIgoryevich,36814,"KISLOV, Andrey Igoryevich",100.0,1
49442,LIMITEDLIABILITYCOMPANYRAZREZBOGATYR,49442,LIMITED LIABILITY COMPANY RAZREZ BOGATYR,100.0,1
16993,SCHIAVONEFrancesco,16993,"SCHIAVONE, Francesco",100.0,1
50623,SHENZHENBOYUIMPORTSANDEXPORTSCOLTD,50623,"SHENZHEN BOYU IMPORTS AND EXPORTS CO., LTD.",100.0,1
51028,MUSAAlgoneyHamdanDaglo,51028,"MUSA, Algoney Hamdan Daglo",100.0,1
49600,DEGTYARENKODenisOlegovich,49600,"DEGTYARENKO, Denis Olegovich",100.0,1
34060,GEMINISASU,34060,GEMINI S.A.S.U.,100.0,1
27426,CAROILTRANSPORTMARINELTD,27426,CAROIL TRANSPORT MARINE LTD,100.0,1
44968,KIROVSKYZAVODPUBLICJOINTSTOCKCOMPANY,44968,KIROVSKY ZAVOD PUBLIC JOINT STOCK COMPANY,100.0,1
33953,ALMAMUNChowdhuryAbdullah,33953,"AL-MAMUN, Chowdhury Abdullah",100.0,1
30171,RODRIGUEZSERRANOLucio,30171,"RODRIGUEZ SERRANO, Lucio",100.0,1
50355,SHENZHENHUASHUOSEMICONDUCTORCOLTD,50355,SHENZHEN HUASHUO SEMICONDUCTOR CO LTD,100.0,1
31211,THEFOUNDATIONFORNATIONALVALUESPROTECTION,31211,THE FOUNDATION FOR NATIONAL VALUES PROTECTION,100.0,1
11728,MOREXPRESSSADECV,11728,"MOREXPRESS, S.A. DE C.V.",100.0,1
16134,SEYYEDISeyedNasserMohammad,16134,"SEYYEDI, Seyed Nasser Mohammad",100.0,1
46011,KOTELNIKOVMaksimAlekseyevich,46011,"KOTELNIKOV, Maksim Alekseyevich",100.0,1
49626,SALYGAVyacheslav,49626,"SALYGA, Vyacheslav",100.0,1
48248,SHAHMARIGHOJEHBIKLORostam,48248,"SHAHMARI GHOJEH BIKLO, Rostam",100.0,1
28029,KASADHAAmisi,28029,"KASADHA, Amisi",100.0,1
16606,TANOUEFumio,16606,"TANOUE, Fumio",100.0,1
11768,CIFUENTESVARGASOrlando,11768,"CIFUENTES VARGAS, Orlando",100.0,1
42576,SEYEDOSHOHADAAhmadKhadem,42576,"SEYEDOSHOHADA, Ahmad Khadem",100.0,1
7194,OTEGUIUNANUEMikel,7194,"OTEGUI UNANUE, Mikel",100.0,1
50185,AKTSIONERNOEOBSHCHESTVONORILSKAVIA,50185,AKTSIONERNOE OBSHCHESTVO NORILSK AVIA,100.0,1
21764,ALGHANDOURAbuAnas,21764,"AL-GHANDOUR, Abu Anas",100.0,1
52316,TEFCASMARINESDNBHD,52316,TEFCAS MARINE SDN. BHD.,100.0,1
12184,FLORESCACHOAlejandro,12184,"FLORES CACHO, Alejandro",100.0,1
22164,SALMANWasim,22164,"SALMAN, Wasim",100.0,1
35664,LESUNAnatoliyFodorovich,35664,"LESUN, Anatoliy Fodorovich",100.0,1
47707,GUNMAKINGCOMPANYLEVSHATLLC,47707,GUN MAKING COMPANY LEVSHA T LLC,100.0,1
34577,BORTNIKOVDenisAleksandrovich,34577,"BORTNIKOV, Denis Aleksandrovich",100.0,1
19496,HWANGPyongSo,19496,"HWANG, Pyong So",100.0,1
15701,GRIMBERGDEGUBEREKSara,15701,"GRIMBERG DE GUBEREK, Sara",100.0,1
26123,SAJJADRasoul,26123,"SAJJAD, Rasoul",100.0,1
39360,SAMADAbdi,39360,"SAMAD, Abdi",100.0,1
35501,FADINAOksanaNikolayevna,35501,"FADINA, Oksana Nikolayevna",100.0,1
36799,IVANOVSergeyBorisovich,36799,"IVANOV, Sergey Borisovich",100.0,1
8199,HOLASUNHOLIDAYSLIMITED,8199,HOLA SUN HOLIDAYS LIMITED,100.0,1
50054,AKTSIONERNOEOBSHCHESTVOEVRAZNIZHNETAGILSKIMETALLURGICHESKIKOMBINAT,50054,AKTSIONERNOE OBSHCHESTVO EVRAZ NIZHNETAGILSKI METALLURGICHESKI KOMBINAT,100.0,1
21265,ALHASRIBassamAhmad,21265,"AL-HASRI, Bassam Ahmad",100.0,1
35756,CHASOVNIKOVAleksandrAleksandrovich,35756,"CHASOVNIKOV, Aleksandr Aleksandrovich",100.0,1
24809,LWINThuraSan,24809,"LWIN, Thura San",100.0,1
10584,SALIMIHosein,10584,"SALIMI, Hosein",100.0,1
47834,BARKHATNOVAAllaViktorovna,47834,"BARKHATNOVA, Alla Viktorovna",100.0,1
44294,RIMYongHyok,44294,"RIM, Yong Hyok",100.0,1
6724,GONZALEZBENITEZOlgaPatricia,6724,"GONZALEZ BENITEZ, Olga Patricia",100.0,1
10469,VANOYMURILLORamiro,10469,"VANOY MURILLO, Ramiro",100.0,1
29360,TAGWIREIKudakwasheRegimond,29360,"TAGWIREI, Kudakwashe Regimond",100.0,1
28039,KDRUBBERPLANTATIONCOLTD,28039,"K D RUBBER PLANTATION CO., LTD.",100.0,1
19276,SPECTRUMINVESTMENTGROUPHOLDINGSAL,19276,SPECTRUM INVESTMENT GROUP HOLDING SAL,100.0,1
49763,DUJiaxin,49763,"DU, Jiaxin",100.0,1
18644,JUNDALKHILAFAHINALGERIA,18644,JUND AL-KHILAFAH IN ALGERIA,100.0,1
23465,GREENWAVETELECOMMUNICATION,23465,GREEN WAVE TELECOMMUNICATION,100.0,1
50430,OGSERVICESFZELIMITEDLIABILITYCOMPANY,50430,O G SERVICES FZE LIMITED LIABILITY COMPANY,100.0,1
51806,COMMERCIALBANKKHLYNOVJOINTSTOCKCOMPANY,51806,COMMERCIAL BANK KHLYNOV JOINT STOCK COMPANY,100.0,1
39256,HEIDARIKiyumars,39256,"HEIDARI, Kiyumars",100.0,1
19252,POURNAGHSHBANDHossein,19252,"POURNAGHSHBAND, Hossein",100.0,1
25847,EMPIREMARITIMESERVICESLIMITED,25847,EMPIRE MARITIME SERVICES LIMITED,100.0,1
30284,SOLTECHINDUSTRYCOLTD,30284,"SOLTECH INDUSTRY CO., LTD.",100.0,1
23226,LIUCuiying,23226,"LIU, Cuiying",100.0,1
52208,APEKSGRUPLIMITEDLIABILITYCOMPANY,52208,APEKSGRUP LIMITED LIABILITY COMPANY,100.0,1
38638,BEGLOVAOlgaAleksandrovna,38638,"BEGLOVA, Olga Aleksandrovna",100.0,1
38036,SERVICEIMMOBILIEREANTIBESSAS,38036,SERVICE IMMOBILIERE ANTIBES SAS,100.0,1
51155,PENGMinbo,51155,"PENG, Minbo",100.0,1
43065,XUUROOWHasaanAbshir,43065,"XUUROOW, Hasaan Abshir",100.0,1
44141,LIMITEDLIABILITYCOMPANYLEGION,44141,LIMITED LIABILITY COMPANY LEGION,100.0,1
35279,TRANSPORTESREFRIGERADOSPANDASTRUCKINGSOCIEDADANONIMADECAPITALVARIABLE,35279,"TRANSPORTES REFRIGERADOS PANDAS TRUCKING, SOCIEDAD ANONIMA DE CAPITAL VARIABLE",100.0,1
15222,AZZAMMansourFadlallah,15222,"AZZAM, Mansour Fadlallah",100.0,1
52741,FILIPOVICGoran,52741,"FILIPOVIC, Goran",100.0,1
44787,ANKAPORTICVEDISTICARETINSAATLOJISTIKSANAYILIMITEDSIRKETI,44787,ANKA PORT IC VE DIS TICARET INSAAT LOJISTIK SANAYI LIMITED SIRKETI,100.0,1
15717,RUNIGAJeanMarieRugerero,15717,"RUNIGA, Jean-Marie Rugerero",100.0,1
16418,QODSAVIATIONINDUSTRIES,16418,QODS AVIATION INDUSTRIES,100.0,1
26094,BADISalah,26094,"BADI, Salah",100.0,1
41083,STATEUNITARYENTERPRISESTATEGRAINOPERATOR,41083,STATE UNITARY ENTERPRISE STATE GRAIN OPERATOR,100.0,1
50142,GILPACHECORosalba,50142,"GIL PACHECO, Rosalba",100.0,1
44254,ORBITINTERNATIONALFZE,44254,ORBIT INTERNATIONAL FZE,100.0,1
50566,BRODSKAIAElizavetaYuryevna,50566,"BRODSKAIA, Elizaveta Yuryevna",100.0,1
33991,RADULESTEVICBIPTPRAD,33991,"RADULE STEVIC B.I., P.T.P. RAD",100.0,1
46724,LASERCHIPSFZCO,46724,LASERCHIPS FZCO,100.0,1
43289,MOROZOVADaryaVasilevna,43289,"MOROZOVA, Darya Vasilevna",100.0,1
50500,GRAZIOTTINFlavio,50500,"GRAZIOTTIN, Flavio",100.0,1
15567,ALAHMADNajmHamad,15567,"AL-AHMAD, Najm Hamad",100.0,1
45690,GRUPOMINEROBARRAPACIFICOSAPIDECV,45690,"GRUPO MINERO BARRA PACIFICO, S.A.P.I. DE C.V.",100.0,1
22683,LIUBaoxia,22683,"LIU, Baoxia",100.0,1
34672,MANAGEMENTCOMPANYPROMSVYAZLLC,34672,MANAGEMENT COMPANY PROMSVYAZ LLC,100.0,1
36482,YAKUSHEVMikhailIlich,36482,"YAKUSHEV, Mikhail Ilich",100.0,1
22026,ALFAWAKHIRIGhusnalZuhur,22026,"AL-FAWAKHIRI, Ghusn al-Zuhur",100.0,1
46448,SOMyong,46448,"SO, Myong",100.0,1
12931,SHAKURIGholam,12931,"SHAKURI, Gholam",100.0,1
45312,SHENXingbiao,45312,"SHEN, Xingbiao",100.0,1
51428,AKTSIONERNOEOBSHCHESTVOREGISTRATSIONNAYAKOMPANIYATSENTRINVEST,51428,AKTSIONERNOE OBSHCHESTVO REGISTRATSIONNAYA KOMPANIYA TSENTR INVEST,100.0,1
51081,EKVIKLIMITEDLIABILITYCOMPANY,51081,EKVIK LIMITED LIABILITY COMPANY,100.0,1
45052,TIRANDAZPayam,45052,"TIRANDAZ, Payam",100.0,1
23464,IRANAIRCRAFTINDUSTRIES,23464,IRAN AIRCRAFT INDUSTRIES,100.0,1
41113,LIMITEDLIABILITYCOMPANYHOLDINGINTELLIGENTCOMPUTERSYSTEMS,41113,LIMITED LIABILITY COMPANY HOLDING INTELLIGENT COMPUTER SYSTEMS,100.0,1
30399,PISHGAMANHORIZONDEVELOPMENTIRANIANBUSINESSTRADINGCOMPANY,30399,PISHGAMAN HORIZON DEVELOPMENT IRANIAN BUSINESS TRADING COMPANY,100.0,1
34761,SOVKOMFAKTORING,34761,SOVKOM FAKTORING,100.0,1
37030,JOINTSTOCKCOMPANYNORTHERNSHIPPINGCOMPANY,37030,JOINT STOCK COMPANY NORTHERN SHIPPING COMPANY,100.0,1
44850,LIMITEDLIABILITYCOMPANYASERVICE,44850,LIMITED LIABILITY COMPANY ASERVICE,100.0,1
12545,HASSANAYASHEXCHANGECOMPANY,12545,HASSAN AYASH EXCHANGE COMPANY,100.0,1
11540,DIBELMALTAbdulNaser,11540,"DIB EL MALT, Abdul Naser",100.0,1
44907,LOGUNTSOVSergey,44907,"LOGUNTSOV, Sergey",100.0,1
48709,ALBAITALKHALEEJEGENERALTRADINGLLC,48709,ALBAIT AL KHALEEJE GENERAL TRADING LLC,100.0,1
34661,ALKESTREIDOOO,34661,ALKES TREID OOO,100.0,1
50558,RAHIMIHAJJIABADISayyedMehdi,50558,"RAHIMI HAJJIABADI, Sayyed Mehdi",100.0,1
37936,EVERWINSHIPMANAGEMENTPTELTD,37936,EVERWIN SHIPMANAGEMENT PTE. LTD.,100.0,1
11378,BINLADENSaad,11378,"BIN LADEN, Sa'ad",100.0,1
42238,OXFOCENTOPROPRIETARYLTD,42238,OXFOCENTO PROPRIETARY LTD,100.0,1
47943,LIMITEDLIABILITYCOMPANYANGAR,47943,LIMITED LIABILITY COMPANY ANGAR,100.0,1
25749,GONZALEZVALENCIAErika,25749,"GONZALEZ VALENCIA, Erika",100.0,1
39701,TRITONNAVIGATIONCORP,39701,TRITON NAVIGATION CORP.,100.0,1
22754,VARELARANGELMariaIris,22754,"VARELA RANGEL, Maria Iris",100.0,1
25957,PARSINTERNATIONALINDUSTRYDEVELOPMENT,25957,PARS INTERNATIONAL INDUSTRY DEVELOPMENT,100.0,1
38719,KRYLLOPavelVelerevich,38719,"KRYLLO, Pavel Velerevich",100.0,1
44986,INTERNATIONALLIMITEDLIABILITYCOMPANYRUSSIANCOPPERCOMPANYLIMITED,44986,INTERNATIONAL LIMITED LIABILITY COMPANY RUSSIAN COPPER COMPANY LIMITED,100.0,1
40238,NIKOLAYEVAysenSergeyevich,40238,"NIKOLAYEV, Aysen Sergeyevich",100.0,1
25757,AYANDEHBANK,25757,AYANDEH BANK,100.0,1
19729,ABDESLAMSalah,19729,"ABDESLAM, Salah",100.0,1
48638,KARAINDUSTRIALTRADINGGMBH,48638,KARA INDUSTRIAL TRADING GMBH,100.0,1
9332,ALTIKRITIIbrahimSabawiIbrahimHasan,9332,"AL-TIKRITI, Ibrahim Sabawi Ibrahim Hasan",100.0,1
50400,LIMITEDLIABILITYCOMPANYPROFIGLASSPLUS,50400,LIMITED LIABILITY COMPANY PROFI GLASS PLUS,100.0,1
28264,LIJiadong,28264,"LI, Jiadong",100.0,1
11799,MORENOGONZALEZNazario,11799,"MORENO GONZALEZ, Nazario",100.0,1
26985,GLOBALSTRUCTURESA,26985,"GLOBAL STRUCTURE, S.A.",100.0,1
50921,RICHTEKHONGKONGELECTRONICCOLIMITED,50921,RICHTEK HONGKONG ELECTRONIC CO LIMITED,100.0,1
37323,KAVINOVArtemAlexandrovich,37323,"KAVINOV, Artem Alexandrovich",100.0,1
11816,MOLINACUBILLOSAlbaJudith,11816,"MOLINA CUBILLOS, Alba Judith",100.0,1
20272,SHEREMETMikhailSergeyevich,20272,"SHEREMET, Mikhail Sergeyevich",100.0,1
48730,BONYANDANESHSHARGHPRIVATECOMPANY,48730,BONYAN DANESH SHARGH PRIVATE COMPANY,100.0,1
48745,CSOFTDEVELOPMENT,45766,CSOFT DEVELOPMENT,100.0,0
38417,RASHIDIBARJINIAliakbar,38417,"RASHIDI-BARJINI, Aliakbar",100.0,1
21465,DODIKMilorad,21465,"DODIK, Milorad",100.0,1
32533,ACUAINDUSTRIANARCISOMENDOZASCDERLDECV,32533,"ACUAINDUSTRIA NARCISO MENDOZA, S.C. DE R.L. DE C.V.",100.0,1
12114,ZAHEDIMohammedReza,12114,"ZAHEDI, Mohammed Reza",100.0,1
29623,MADANIPOURMahmoud,29623,"MADANIPOUR, Mahmoud",100.0,1
16086,DCBFINANCELIMITED,16086,DCB FINANCE LIMITED,100.0,1
36501,SAVELYEVVitalyGennadyevich,36501,"SAVELYEV, Vitaly Gennadyevich",100.0,1
40568,AKTSIONERNOYEOBSHCHESTVOTSENTRSUDOREMONTADALZAVOD,40568,AKTSIONERNOYE OBSHCHESTVO TSENTR SUDOREMONTA DALZAVOD,100.0,1
27234,AGROXPOSAS,27234,AGRO XPO S.A.S.,100.0,1
36917,SEREDAMikhailLeonidovich,36917,"SEREDA, Mikhail Leonidovich",100.0,1
10581,BAHMANYARBahmanyarMorteza,10581,"BAHMANYAR, Bahmanyar Morteza",100.0,1
47877,LIMITEDLIABILITYCOMPANYHOLDINGFINANCE,47877,LIMITED LIABILITY COMPANY HOLDING FINANCE,100.0,1
12803,TIDEWATERMIDDLEEASTCO,12803,TIDEWATER MIDDLE EAST CO.,100.0,1
12478,ANSARBANK,12478,ANSAR BANK,100.0,1
42396,KHAWAJAMohamad,42396,"KHAWAJA, Mohamad",100.0,1
23604,RINCONCASTILLODRUGTRAFFICKINGORGANIZATION,23604,RINCON CASTILLO DRUG TRAFFICKING ORGANIZATION,100.0,1
19490,NATIONALDEFENSECOMMISSION,19490,NATIONAL DEFENSE COMMISSION,100.0,1
30404,PAYASAMANPARS,30404,PAYA SAMAN PARS,100.0,1
28167,DEBBIYE143SAL,28167,DEBBIYE 143 SAL,100.0,1
49692,KUWANCOLIMITED,49692,"KUWAN CO., LIMITED",100.0,1
50280,ATRANLIMITEDLIABILITYCOMPANY,50280,ATRAN LIMITED LIABILITY COMPANY,100.0,1
25664,JABBERIBNHAYAN,25664,JABBER IBN HAYAN,100.0,1
35784,KOVALCHUKStepanKirillovich,35784,"KOVALCHUK, Stepan Kirillovich",100.0,1
27845,DEHGHANHossein,27845,"DEHGHAN, Hossein",100.0,1
16858,PABASHOLDINGCORP,16858,PABAS HOLDING CORP.,100.0,1
38817,BANDURAVolodymyrVolodymyrovich,38817,"BANDURA, Volodymyr Volodymyrovich",100.0,1
30617,PALAUCHINAHUNGMUNCULTURALASSOCIATION,30617,PALAU CHINA HUNG-MUN CULTURAL ASSOCIATION,100.0,1
30623,ALKHAIWANIAbdulHakim,30623,"AL-KHAIWANI, Abdul Hakim",100.0,1
37356,PETROVAlexanderPetrovich,37356,"PETROV, Alexander Petrovich",100.0,1
19140,REYNAFELIXIsmael,19140,"REYNA FELIX, Ismael",100.0,1
15587,JABERMohammad,15587,"JABER, Mohammad",100.0,1
50912,VOLTAGLLC,50912,VOLTAG LLC,100.0,1
39758,IVANOVAleksandrAleksandrovich,39758,"IVANOV, Aleksandr Aleksandrovich",100.0,1
10114,ALGHABRAMohammed,10114,"AL GHABRA, Mohammed",100.0,1
26218,GLOBOVISIONTELECA,26218,GLOBOVISION TELE C.A.,100.0,1
22076,MARUFAbdalSalam,22076,"MA'RUF, Abd-al-Salam",100.0,1
31951,KHANFURAHAlaa,31951,"KHANFURAH, Alaa",100.0,1
45719,FANAVARANSANATERTEBATATCOMPANY,45719,FANAVARAN SANAT ERTEBATAT COMPANY,100.0,1
49101,MININGINDUSTRIESSARLU,49101,MINING INDUSTRIES SARLU,100.0,1
7867,AZIZTariq,7867,"AZIZ, Tariq",100.0,1
37917,PETROGATFZE,37917,PETROGAT FZE,100.0,1
17761,KOVALENKOAndrey,17761,"KOVALENKO, Andrey",100.0,1
12172,FLORESCACHOJavier,12172,"FLORES CACHO, Javier",100.0,1
10862,AMMUNITIONANDMETALLURGYINDUSTRIESGROUP,10862,AMMUNITION AND METALLURGY INDUSTRIES GROUP,100.0,1
48869,LIMITEDLIABILITYCOMPANYALTEGRITY,48869,LIMITED LIABILITY COMPANY ALTEGRITY,100.0,1
50246,JOINTSTOCKCOMPANYSTRATIM,50246,JOINT STOCK COMPANY STRATIM,100.0,1
28350,NEMTSEVVladimirVladimirovich,28350,"NEMTSEV, Vladimir Vladimirovich",100.0,1
48639,ALGORITMTOCHNOSTI,48639,ALGORITM TOCHNOSTI,100.0,1
33175,PECHANIharMikalaevich,33175,"PECHAN, Ihar Mikalaevich",100.0,1
47728,OBSHCHESTVOSOGRANICHENNOIOTVETSTVENNOSTIUVOENNOOKHRANNAIAKOMPANIIAKONVOI,47728,OBSHCHESTVO S OGRANICHENNOI OTVETSTVENNOSTIU VOENNO OKHRANNAIA KOMPANIIA KONVOI,100.0,1
27186,KHADIJASHIPMANAGEMENTPRIVATELIMITED,27186,KHADIJA SHIP MANAGEMENT PRIVATE LIMITED,100.0,1
46214,ASSISREALTYANDVACATIONCLUBSADECV,46214,"ASSIS REALTY AND VACATION CLUB, S.A. DE C.V.",100.0,1
7877,ALSALIHMuhammadMahdi,7877,"AL-SALIH, Muhammad Mahdi",100.0,1
26565,ABUREIHANGROUP,26565,ABU REIHAN GROUP,100.0,1
32175,ASADHaniAbdalMajidMuhammad,32175,"AS'AD, Hani 'Abd-al-Majid Muhammad",100.0,1
25835,INTERSEASSHIPYARDLTD,25835,INTERSEAS SHIPYARD LTD,100.0,1
26387,GHASHGHAVIHamed,26387,"GHASHGHAVI, Hamed",100.0,1
11902,RENDONHERRERAFreddyEnrique,11902,"RENDON HERRERA, Freddy Enrique",100.0,1
52293,SECONDACADEMYOFNATURALSCIENCESFOREIGNAFFAIRSBUREAU,52293,SECOND ACADEMY OF NATURAL SCIENCES FOREIGN AFFAIRS BUREAU,100.0,1
25893,PARSSAZEHENGINEERINGANDCONSTRUCTION,25893,PARS SAZEH ENGINEERING AND CONSTRUCTION,100.0,1
48529,PUBLICJOINTSTOCKCOMPANYAVTODIZELYAROSLAVLMOTORPLANT,48529,PUBLIC JOINT STOCK COMPANY AVTODIZEL YAROSLAVL MOTOR PLANT,100.0,1
51284,LNGGAMMASHIPPINGPTELTD,51284,LNG GAMMA SHIPPING PTE LTD,100.0,1
36024,PETROCHINAPARSCO,36024,PETRO CHINA PARS CO.,100.0,1
40158,JAVIDANAliAkbar,40158,"JAVIDAN, Ali Akbar",100.0,1
17290,ALBAKRIbrahimIsaHajjiMuhammad,17290,"AL-BAKR, Ibrahim 'Isa Hajji Muhammad",100.0,1
15238,BARICHMohammadNaim,15238,"BARICH, Mohammad Naim",100.0,1
45926,TROTSENKOGlebRomanovich,45926,"TROTSENKO, Gleb Romanovich",100.0,1
47792,LIMITEDLIABILITYCOMPANYSINARAPROMTRANS,47792,LIMITED LIABILITY COMPANY SINARAPROMTRANS,100.0,1
49186,JOINTSTOCKCOMPANYRESEARCHANDIMPLEMENTATIONENTERPRISEPROTEK,49186,JOINT STOCK COMPANY RESEARCH AND IMPLEMENTATION ENTERPRISE PROTEK,100.0,1
30411,RAMANCOMPANY,30411,RAMAN COMPANY,100.0,1
11402,BLISSEYPANAMAINC,11402,BLISSEY PANAMA INC.,100.0,1
22906,MAKINTERNATIONALSERVICESCOLTD,22906,MAK INTERNATIONAL SERVICES CO LTD,100.0,1
11554,FLOREZUPEGUIFranciscoAntonio,11554,"FLOREZ UPEGUI, Francisco Antonio",100.0,1
52283,CHONSURIMTRADINGCORPORATION,52283,CHONSURIM TRADING CORPORATION,100.0,1
42328,VOHOMTECHNOLOGYHKCOLIMITED,42328,"VOHOM TECHNOLOGY HK CO., LIMITED",100.0,1
47109,SHAMLAKHAlaa,47109,"SHAMLAKH, Alaa",100.0,1
11018,KONYJoseph,11018,"KONY, Joseph",100.0,1
48501,AKTSIONERNOEOBSHCHESTVOPROEKTNOKONSTRUKTORSKOEBYURORIO,48501,AKTSIONERNOE OBSHCHESTVO PROEKTNO KONSTRUKTORSKOE BYURO RIO,100.0,1
32762,MONTENEGROESPINOZALuisAngel,32762,"MONTENEGRO ESPINOZA, Luis Angel",100.0,1
34660,THAUNGJonathanMyoKyaw,34660,"THAUNG, Jonathan Myo Kyaw",100.0,1
29404,SAATIBINMOHAMADNAWZADMohamadAmmar,29404,"SAATI BIN MOHAMAD NAWZAD, Mohamad Ammar",100.0,1
23984,CONTRERASWillianAntonio,23984,"CONTRERAS, Willian Antonio",100.0,1
43072,SCTULARUBBERTECHNICALARTICLESPLANT,43072,SC TULA RUBBER TECHNICAL ARTICLES PLANT,100.0,1
19587,KOREANBUYONSHIPPINGCOLTD,19587,KOREAN BUYON SHIPPING CO. LTD.,100.0,1
47572,AKTSIONERNOEOBSHCHESTVONAVISGRUPP,47572,AKTSIONERNOE OBSHCHESTVO NAVIS GRUPP,100.0,1
39176,KAJMAKOVICDiana,39176,"KAJMAKOVIC, Diana",100.0,1
51434,ZAKRYTOEAKTSIONERNOEOBSHCHESTVOPERVYISPETSIALIZIROVANNYIDEPOZITARII,51434,ZAKRYTOE AKTSIONERNOE OBSHCHESTVO PERVYI SPETSIALIZIROVANNYI DEPOZITARII,100.0,1
35067,MILLERSiraaj,35067,"MILLER, Siraaj",100.0,1
15197,ZAFERMIHBEKMohammad,15197,"ZAFER MIHBEK, Mohammad",100.0,1
51235,WINKEYLIMITED,51235,WIN KEY LIMITED,100.0,1
29162,WANGMingshan,29162,"WANG, Mingshan",100.0,1
31939,HTETKaung,31939,"HTET, Kaung",100.0,1
22204,MELNIKOVAndreiGennadyevich,22204,"MELNIKOV, Andrei Gennadyevich",100.0,1
50598,MARQUEZCORDEROFannyBeatriz,50598,"MARQUEZ CORDERO, Fanny Beatriz",100.0,1
21576,FELIXTAPIASCDERLDECV,21576,"FELIXTAPIA, S.C. DE R.L. DE C.V.",100.0,1
34078,KEENWELLINTERNATIONALLIMITED,34078,KEEN WELL INTERNATIONAL LIMITED,100.0,1
21071,ASCARRIERINTERNACIONALSADECV,21071,"A & S CARRIER INTERNACIONAL, S.A. DE C.V.",100.0,1
16397,ALISOVIgorBorisovich,16397,"ALISOV, Igor Borisovich",100.0,1
43087,GABAANEMaxamedDauud,43087,"GABAANE, Maxamed Dauud",100.0,1
18640,ASELDEROVRustam,18640,"ASELDEROV, Rustam",100.0,1
11922,VELASQUEZCABALLEROIvan,11922,"VELASQUEZ CABALLERO, Ivan",100.0,1
19941,MUNSAINTERNATIONALINVESMENTSSA,19941,MUNSA INTERNATIONAL INVESMENTS S.A.,100.0,1
22023,MUSTAFAAyhamHajj,22023,"MUSTAFA, Ayham Hajj",100.0,1
13143,MEHRIRANCREDITUNIONBANK,13143,MEHR IRAN CREDIT UNION BANK,100.0,1
31166,BYCHKOVPyotrAleksandrovich,31166,"BYCHKOV, Pyotr Aleksandrovich",100.0,1
15844,LOZAHERNANDEZMiguel,15844,"LOZA HERNANDEZ, Miguel",100.0,1
44151,BUROVAYAKOMPANIYAEURASIALLC,44151,BUROVAYA KOMPANIYA EURASIA LLC,100.0,1
42938,QINGDAOZHONGRONGTONGTRADEDEVELOPMENTCOLTD,42938,"QINGDAO ZHONGRONGTONG TRADE DEVELOPMENT CO., LTD.",100.0,1
49260,NORDICRESISTANCEMOVEMENT,49260,NORDIC RESISTANCE MOVEMENT,100.0,1
30144,JIAXIANGENERGYHOLDINGPTELTD,30144,JIAXIANG ENERGY HOLDING PTE. LTD.,100.0,1
45781,RESEARCHANDPRODUCTIONCOMPANYHORST,45781,RESEARCH AND PRODUCTION COMPANY HORST,100.0,1
37322,ZATULINKonstantinFedorovich,37322,"ZATULIN, Konstantin Fedorovich",100.0,1
15632,TOWLIDABZARBORESHIIRAN,15632,TOWLID ABZAR BORESHI IRAN,100.0,1
46524,AKTSIONERNOEOBSHCHESTVOFIRMATVEMA,46524,AKTSIONERNOE OBSHCHESTVO FIRMA TVEMA,100.0,1
50362,TIMEARTINTERNATIONALLIMITED,50362,TIME ART INTERNATIONAL LIMITED,100.0,1
28571,ALHAMIDAWIAhmad,28571,"AL-HAMIDAWI, Ahmad",100.0,1
49384,JOINTSTOCKCOMPANYPERMSCIENTIFICINDUSTRIALINSTRUMENTMAKINGCOMPANY,49384,JOINT STOCK COMPANY PERM SCIENTIFIC INDUSTRIAL INSTRUMENT MAKING COMPANY,100.0,1
11952,MENDEZSANTIAGOFlavio,11952,"MENDEZ SANTIAGO, Flavio",100.0,1
32174,MUHAMMADJamiAli,32174,"MUHAMMAD, Jami' 'Ali",100.0,1
17213,IMANIRADMohammadJavad,17213,"IMANIRAD, Mohammad Javad",100.0,1
7829,AYARIChihebBenMohamed,7829,"AYARI, Chiheb Ben Mohamed",100.0,1
47550,LIMITEDLIABILITYCOMPANYCRYPTOPRO,47550,LIMITED LIABILITY COMPANY CRYPTO PRO,100.0,1
24672,SANZETTAINVESTMENTSLIMITED,24672,SANZETTA INVESTMENTS LIMITED,100.0,1
23924,ALIAhmadIman,23924,"ALI, Ahmad Iman",100.0,1
21984,DAYYUBRajab,21984,"DAYYUB, Rajab",100.0,1
34276,ALMAGHRABIHaythamAhmadShukriAhmad,34276,"AL-MAGHRABI, Haytham Ahmad Shukri Ahmad",100.0,1
7745,MORINAXhavit,7745,"MORINA, Xhavit",100.0,1
48264,GOKMahmut,48264,"GOK, Mahmut",100.0,1
11473,HERNANDEZMEJIAJorgeAlberto,11473,"HERNANDEZ MEJIA, Jorge Alberto",100.0,1
39160,JOINTSTOCKCOMPANYPRODUCTIONASSOCIATIONSEVER,39160,JOINT STOCK COMPANY PRODUCTION ASSOCIATION SEVER,100.0,1
9898,NAUMAUUladzimirUladzimiravich,9898,"NAUMAU, Uladzimir Uladzimiravich",100.0,1
41181,SOCIEDADSPAPENINSULASDERLDECV,41181,"SOCIEDAD SPA PENINSULA, S. DE R.L. DE C.V.",100.0,1
10651,COMERCIALJOANASADECV,10651,"COMERCIAL JOANA, S.A. DE C.V.",100.0,1
19730,MAZAKAGENERALTRADINGLLC,19730,MAZAKA GENERAL TRADING L.L.C.,100.0,1
12868,KARIMALIAliAbdul,12868,"KARIM ALI, Ali Abdul",100.0,1
48496,LIMITEDLIABILITYCOMPANYELIARS,48496,LIMITED LIABILITY COMPANY ELIARS,100.0,1
10380,ALRAWIFawziMutlaq,10380,"AL-RAWI, Fawzi Mutlaq",100.0,1
49408,LAVRIKValentinaVasilevna,49408,"LAVRIK, Valentina Vasilevna",100.0,1
42745,RBCONSULTINGLIMITED,42745,RB CONSULTING LIMITED,100.0,1
50135,GRUNGROUPCOLIMITED,50135,GRUN GROUP CO LIMITED,100.0,1
16724,ADAMNoureddine,16724,"ADAM, Noureddine",100.0,1
11980,LORENZANACORDONWaldemar,11980,"LORENZANA CORDON, Waldemar",100.0,1
39441,JAVANIYadollah,39441,"JAVANI, Yadollah",100.0,1
40960,NORDTRADINGLLC,40960,NORD TRADING L.L.C,100.0,1
49513,ALLRUSSIANPUBLICSTATEMOVEMENTOFCHILDRENANDYOUTH,49513,ALL RUSSIAN PUBLIC STATE MOVEMENT OF CHILDREN AND YOUTH,100.0,1
42000,MATRIKSELEKTRONIKA,42000,MATRIKS ELEKTRONIKA,100.0,1
12188,CIRCUITOELECTRONICOSADECV,12188,CIRCUITO ELECTRONICO S.A. DE C.V.,100.0,1
48871,MUKHANOVAleksandrAleksandrovich,48871,"MUKHANOV, Aleksandr Aleksandrovich",100.0,1
11631,IRANINSURANCECOMPANY,11631,IRAN INSURANCE COMPANY,100.0,1
48546,DIAGNOSTIKAMLLC,48546,DIAGNOSTIKA M LLC,100.0,1
47945,JOINTSTOCKCOMPANYELEKTRONNAYAMOSKVA,47945,JOINT STOCK COMPANY ELEKTRONNAYA MOSKVA,100.0,1
45400,INZINJERINGBNBIJELJINADOO,45400,INZINJERING-BN BIJELJINA D.O.O.,100.0,1
11295,SANGSIRIKANKASETCOMPANYLIMITED,11295,SANGSIRI KANKASET COMPANY LIMITED,100.0,1
35420,AVDEYEVMikhailYuryevich,35420,"AVDEYEV, Mikhail Yuryevich",100.0,1
9759,DAWOODIBRAHIMORGANIZATION,9759,DAWOOD IBRAHIM ORGANIZATION,100.0,1
40186,PRIVATEMILITARYCOMPANYREDUT,40186,PRIVATE MILITARY COMPANY REDUT,100.0,1
31194,ALSAADIMansur,31194,"AL-SA'ADI, Mansur",100.0,1
7898,SPASOJEVICDragon,7898,"SPASOJEVIC, Dragon",100.0,1
7779,REXHEPIDaut,7779,"REXHEPI, Daut",100.0,1
40862,UVICOMLTD,40862,UVICOM LTD,100.0,1
35799,SRLSKYLINEAVIATION,35799,SRL SKYLINE AVIATION,100.0,1
27020,BAKHTARRAADSEPAHANCOMPANY,27020,BAKHTAR RAAD SEPAHAN COMPANY,100.0,1
50838,KHOMENKOTatyanaValentinovna,50838,"KHOMENKO, Tatyana Valentinovna",100.0,1
26398,NANGAACorneilleYobeluo,26398,"NANGAA, Corneille Yobeluo",100.0,1
26213,TINDAYAPROPERTIESOFNEWYORKIICORP,26213,TINDAYA PROPERTIES OF NEW YORK II CORP.,100.0,1
6899,ALITIHAADALISLAMIYA,6899,AL-ITIHAAD AL-ISLAMIYA,100.0,1
52233,LIMITEDLIABILITYCOMPANYTELP,52233,LIMITED LIABILITY COMPANY TELP,100.0,1
8117,KOVACTomislav,8117,"KOVAC, Tomislav",100.0,1
40537,TABACOSUSAINC,40537,TABACOS USA INC.,100.0,1
37658,KANGKyongIl,37658,"KANG, Kyong Il",100.0,1
29523,ZHIHANGSHIPMANAGEMENTSHANGHAICOLTD,29523,ZHIHANG SHIP MANAGEMENT SHANGHAI CO LTD,100.0,1
51952,NIKIPELOVAndreiVladimirovich,51952,"NIKIPELOV, Andrei Vladimirovich",100.0,1
47807,LIMITEDLIABILITYCOMPANYTMKTECHNICALSERVICE,47807,LIMITED LIABILITY COMPANY TMK TECHNICAL SERVICE,100.0,1
23176,DANDONGXIANGHETRADINGCOLTD,23176,"DANDONG XIANGHE TRADING CO., LTD.",100.0,1
22526,LIMITEDLIABILITYCOMPANYCONCORDMANAGEMENTANDCONSULTING,22526,LIMITED LIABILITY COMPANY CONCORD MANAGEMENT AND CONSULTING,100.0,1
26930,JUICHENGSHIPPINGCOMPANYLIMITED,26930,JUI CHENG SHIPPING COMPANY LIMITED,100.0,1
40122,LOPATINAntonIgorevich,40122,"LOPATIN, Anton Igorevich",100.0,1
49759,SEMATAMACharles,49759,"SEMATAMA, Charles",100.0,1
29901,ORUMIYEHPRISON,29901,ORUMIYEH PRISON,100.0,1
49876,SILIBORNTECHNOLOGYLIMITED,49876,SILIBORN TECHNOLOGY LIMITED,100.0,1
11537,HENAOJARAMILLOMarioAlberto,11537,"HENAO JARAMILLO, Mario Alberto",100.0,1
26344,QESHMFARSAIR,26344,QESHM FARS AIR,100.0,1
52342,TAGABOMARITIMECORPORATION,52342,TAGABO MARITIME CORPORATION,100.0,1
52084,SINHASwetang,52084,"SINHA, Swetang",100.0,1
29831,AZIZABADIRezaMohammadi,29831,"AZIZABADI, Reza Mohammadi",100.0,1
50696,ZAREIKAJOSANGIHamid,50696,"ZAREIKAJOSANGI, Hamid",100.0,1
11695,ALQAIDAINTHEARABIANPENINSULA,11695,AL-QA'IDA IN THE ARABIAN PENINSULA,100.0,1
49307,LIMITEDLIABILITYCOMPANYYUZHPOLYMETALHOLDING,49307,LIMITED LIABILITY COMPANY YUZHPOLYMETAL HOLDING,100.0,1
12322,ZIMURINDAInnocent,12322,"ZIMURINDA, Innocent",100.0,1
23153,KOREARUNGRADORYONGAKTRADINGCO,23153,KOREA RUNGRADO RYONGAK TRADING CO,100.0,1
30871,ABADANPOWERGENERATIONCOMPANY,30871,ABADAN POWER GENERATION COMPANY,100.0,1
12889,SALIMAbdalRahmanOuldMuhammadalHusaynOuldMuhammad,12889,"SALIM, 'Abd al-Rahman Ould Muhammad al-Husayn Ould Muhammad",100.0,1
44963,JOINTSTOCKCOMPANYGAZSTROYPROM,44963,JOINT STOCK COMPANY GAZSTROYPROM,100.0,1
7838,MNASRIFethiBenRebaiBenAbsha,7838,"MNASRI, Fethi Ben Rebai Ben Absha",100.0,1
31731,SHAPETSKAYauhenAndreevich,31731,"SHAPETSKA, Yauhen Andreevich",100.0,1
21552,COSAILINGBUSINESSTRADINGCOMPANYLIMITED,21552,COSAILING BUSINESS TRADING COMPANY LIMITED,100.0,1
48642,NASABAlirezaShafie,48642,"NASAB, Alireza Shafie",100.0,1
37024,NEKOMMERCHESKAYAORGANIZATSIYAFONDKHIMICHESKOERAZORUZHENIEIKONVERSIYA,37024,NEKOMMERCHESKAYA ORGANIZATSIYA FOND KHIMICHESKOE RAZORUZHENIE I KONVERSIYA,100.0,1
15591,KHATTABAnasHasan,15591,"KHATTAB, Anas Hasan",100.0,1
46221,PETROVICHViktorEvgenievich,46221,"PETROVICH, Viktor Evgenievich",100.0,1
28024,BALUKUSekaMusa,28024,"BALUKU, Seka Musa",100.0,1
16518,HAQQANIYahya,16518,"HAQQANI, Yahya",100.0,1
18888,STATEENTERPRISEMAGARACHOFTHENATIONALINSTITUTEOFWINE,18888,STATE ENTERPRISE MAGARACH OF THE NATIONAL INSTITUTE OF WINE,100.0,1
41004,CLOSEDJOINTSTOCKCOMPANYSPECIALCONSTRUCTIONBUREAU,41004,CLOSED JOINT STOCK COMPANY SPECIAL CONSTRUCTION BUREAU,100.0,1
47757,LIMITEDLIABILITYCOMPANYDIGITALCENTERHYPERSPACE,47757,LIMITED LIABILITY COMPANY DIGITAL CENTER HYPERSPACE,100.0,1
46037,LIMITEDLIABILITYCOMPANYFLEMSTED,46037,LIMITED LIABILITY COMPANY FLEMSTED,100.0,1
36840,ORLOVAlexeiMaratovich,36840,"ORLOV, Alexei Maratovich",100.0,1
37481,LIMITEDLIABILITYCORPORATIONGELIOS,37481,LIMITED LIABILITY CORPORATION GELIOS,100.0,1
33333,ALSHATTIJamalHusaynAbdAliAbdalRahim,33333,"AL-SHATTI, Jamal Husayn 'Abd 'Ali 'Abd-al-Rahim",100.0,1
48613,BIMLOGICLIMITEDLIABILITYCOMPANY,48613,BIMLOGIC LIMITED LIABILITY COMPANY,100.0,1
22154,ASADMurad,22154,"AS'AD, Murad",100.0,1
9761,HALAVANAUViktarHryhoryavich,9761,"HALAVANAU, Viktar Hryhoryavich",100.0,1
10119,TAHAKhalilIbrahimMohamedAcharFoudail,10119,"TAHA, Khalil Ibrahim Mohamed Achar Foudail",100.0,1
49199,LIMITEDLIABILITYCOMPANYPRODUCTIONPLANTNAMEDAFTERSHAUMYAN,49199,LIMITED LIABILITY COMPANY PRODUCTION PLANT NAMED AFTER SHAUMYAN,100.0,1
21463,MURTADHAMAJEEDRAMADHANALAWIAlsayed,21463,"MURTADHA MAJEED RAMADHAN ALAWI, Alsayed",100.0,1
51164,SINNOGROUPLIMITED,51164,SINNO GROUP LIMITED,100.0,1
40868,LIMITEDLIABILITYCOMPANYPREPREGDUBNA,40868,LIMITED LIABILITY COMPANY PREPREG-DUBNA,100.0,1
47942,RBGSOLUTIONFZE,47942,RBG SOLUTION FZE,100.0,1
45924,TAVRINIvanVladimirovich,45924,"TAVRIN, Ivan Vladimirovich",100.0,1
35767,PESKOVNikolay,35767,"PESKOV, Nikolay",100.0,1
24584,ALIASGARIAbdulali,24584,"ALI-ASGARI, Abdulali",100.0,1
47561,AKTSIONERNOEOBSHCHESTVONAVISELEKTRONIKA,47561,AKTSIONERNOE OBSHCHESTVO NAVIS ELEKTRONIKA,100.0,1
34740,SOVCOMBANKFACTORINGLIMITEDLIABILITYCOMPANY,34740,SOVCOMBANK FACTORING LIMITED LIABILITY COMPANY,100.0,1
43842,REICOMPANIAINTERNACIONALSADECV,43842,"REI COMPANIA INTERNACIONAL, S.A. DE C.V.",100.0,1
7328,ISAMUDDINNurjamanRiduan,7328,"ISAMUDDIN, Nurjaman Riduan",100.0,1
23463,IRANHELICOPTERSUPPORTANDRENEWALCOMPANY,23463,IRAN HELICOPTER SUPPORT AND RENEWAL COMPANY,100.0,1
51332,KRAYUSHKINEvgeniy,51332,"KRAYUSHKIN, Evgeniy",100.0,1
11900,USUGADAVIDDairoAntonio,11900,"USUGA DAVID, Dairo Antonio",100.0,1
30504,CAOJianming,30504,"CAO, Jianming",100.0,1
12577,KALKANDuran,12577,"KALKAN, Duran",100.0,1
24899,NASCOPOLYMERSCHEMICALSCOSALOFFSHORE,24899,NASCO POLYMERS & CHEMICALS CO SAL (OFF-SHORE),100.0,1
8866,CARIBBEANBEACHPARK,8866,CARIBBEAN BEACH PARK,100.0,1
51097,SHREEGEEIMPEXPRIVATELIMITED,51097,SHREEGEE IMPEX PRIVATE LIMITED,100.0,1
39437,ZAREPOUREisa,39437,"ZAREPOUR, Eisa",100.0,1
50665,DUENEZREYESLuisErnesto,50665,"DUENEZ REYES, Luis Ernesto",100.0,1
15493,ALQUDSINTERNATIONALFOUNDATION,15493,AL-QUDS INTERNATIONAL FOUNDATION,100.0,1
48769,COMPONENTLOGISTICLIMITEDLIABILITYCOMPANY,48769,COMPONENT LOGISTIC LIMITED LIABILITY COMPANY,100.0,1
43319,LLCSYMPHONY,43319,LLC SYMPHONY,100.0,1
35074,TOKAREVAGalinaAlekseyevna,35074,"TOKAREVA, Galina Alekseyevna",100.0,1
49848,TONGThomasHoMing,49848,"TONG, Thomas Ho Ming",100.0,1
18325,PRIVATEJOINTSTOCKCOMPANYMAKOHOLDING,18325,PRIVATE JOINT-STOCK COMPANY MAKO HOLDING,100.0,1
10852,AYERASRicardoPerez,10852,"AYERAS, Ricardo Perez",100.0,1
35401,KOMOTSKYBorisOlegovich,35401,"KOMOTSKY, Boris Olegovich",100.0,1
48019,COREBAIMICROELECTRONICSBEIJINGCOMPANYLIMITED,48019,COREBAI MICROELECTRONICS BEIJING COMPANY LIMITED,100.0,1
51746,HONGKONGYONGYESHIPPINGLIMITED,51746,HONG KONG YONGYE SHIPPING LIMITED,100.0,1
27254,BEIJINGSUKBAKSO,27254,BEIJING SUKBAKSO,100.0,1
49082,CHAVARRIABARREWilmerGeovanny,49082,"CHAVARRIA BARRE, Wilmer Geovanny",100.0,1
40213,FUJIANNANANIMPORTANDEXPORTCORPORATION,40213,FUJIAN NANAN IMPORT AND EXPORT CORPORATION,100.0,1
11978,LORENZANACORDONEliuElixander,11978,"LORENZANA CORDON, Eliu Elixander",100.0,1
46756,AFANASIEVIgorYurievich,46756,"AFANASIEV, Igor Yurievich",100.0,1
47328,ALUWAYRIbrahimTalal,47328,"AL-'UWAYR, Ibrahim Talal",100.0,1
47673,LIMITEDLIABILITYCOMPANYBIMEISTER,47673,LIMITED LIABILITY COMPANY BIMEISTER,100.0,1
12101,COMERCIALIZADORADEGANADOYRENTASDECAPITALSA,12101,COMERCIALIZADORA DE GANADO Y RENTAS DE CAPITAL S.A.,100.0,1
47616,GAFARZADAMehti,47616,"GAFAR ZADA, Mehti",100.0,1
11413,REPRESENTACIONESORIENTESRL,11413,REPRESENTACIONES ORIENTE S.R.L.,100.0,1
10899,BELTRANLEYVAMarcosArturo,10899,"BELTRAN LEYVA, Marcos Arturo",100.0,1
46483,MSEOVERSEASPTELTD,46483,MSE OVERSEAS PTE. LTD.,100.0,1
51079,CELIAARMASLTD,51079,CELIA ARMAS LTD,100.0,1
11231,RENDONPOBLETERosalinda,11231,"RENDON POBLETE, Rosalinda",100.0,1
25960,NEYRIZSTEEL,25960,NEYRIZ STEEL,100.0,1
46674,JOINTSTOCKCOMPANYSCIENTIFICANDTECHNICALCOMPANYAZIMUTPHOTONICS,46674,JOINT STOCK COMPANY SCIENTIFIC AND TECHNICAL COMPANY AZIMUT PHOTONICS,100.0,1
38580,OBSHCHESTVOSOGRANICHENNOIOTVETSTVENNOSTYUMARKUS,38580,OBSHCHESTVO S OGRANICHENNOI OTVETSTVENNOSTYU MARKUS,100.0,1
47487,DRAGASDragan,47487,"DRAGAS, Dragan",100.0,1
30545,KAZAKEVICHHenadzArkadzievich,30545,"KAZAKEVICH, Henadz Arkadzievich",100.0,1
44442,AHMEDAmeen,44442,"AHMED, Ameen",100.0,1
44852,VERTIKALLIMITED,44852,VERTIKAL LIMITED,100.0,1
52081,ABAKUMOVDmytro,52081,"ABAKUMOV, Dmytro",100.0,1
35662,LAMEYKINDmitriyViktorovich,35662,"LAMEYKIN, Dmitriy Viktorovich",100.0,1
46731,JOINTSTOCKCOMPANYNEWTOWERS,46731,JOINT STOCK COMPANY NEW TOWERS,100.0,1
52725,SHAANXIHONGRUNJINHUATRADINGCOLTD,52725,SHAANXI HONGRUN JINHUA TRADING CO LTD,100.0,1
52747,YINKecheng,52747,"YIN, Kecheng",100.0,1
10657,ALJABURIMishanRakinThamin,10657,"AL-JABURI, Mish'an Rakin Thamin",100.0,1
48663,DICKOJafar,48663,"DICKO, Jafar",100.0,1
16819,WANGGuoying,16819,"WANG, Guoying",100.0,1
21747,CHOEChunYong,21747,"CHOE, Chun Yong",100.0,1
11493,ALDARIMuthannaHarith,11493,"AL-DARI, Muthanna Harith",100.0,1
18749,JOINTSTOCKCOMPANYSBERBANKPRIVATEPENSIONFUND,18749,JOINT STOCK COMPANY SBERBANK PRIVATE PENSION FUND,100.0,1
42301,FADICOSACC,42301,FADICO S A CC,100.0,1
6901,ALADLSayf,6901,"AL-ADL, Sayf",100.0,1
48393,OCHOALAGUNESLucio,48393,"OCHOA LAGUNES, Lucio",100.0,1
37317,DRAPEKOElenaGrigorievna,37317,"DRAPEKO, Elena Grigorievna",100.0,1
37178,BULAEVNikolayIvanovich,37178,"BULAEV, Nikolay Ivanovich",100.0,1
47939,S7ENGINEERINGLLC,47939,S 7 ENGINEERING LLC,100.0,1
34104,KARAMIHassan,34104,"KARAMI, Hassan",100.0,1
26142,VALDEZGARCIABernardoAntonio,26142,"VALDEZ GARCIA, Bernardo Antonio",100.0,1
20290,LLCKOKSOKHIMTRANS,20290,LLC KOKSOKHIMTRANS,100.0,1
45407,HEBEIYAXINRESTAURANTMANAGEMENTCOLTD,45407,"HEBEI YAXIN RESTAURANT MANAGEMENT CO., LTD.",100.0,1
17189,ALALIHamidHamadHamid,17189,"AL-'ALI, Hamid Hamad Hamid",100.0,1
30548,FIDESSHIPMANAGEMENTLLC,30548,FIDES SHIP MANAGEMENT LLC,100.0,1
7714,KRYEZIUIzmet,7714,"KRYEZIU, Izmet",100.0,1
35376,FUJIANPROVINCIALPINGTANCOUNTYOCEANFISHINGGROUPCOLTD,35376,"FUJIAN PROVINCIAL PINGTAN COUNTY OCEAN FISHING GROUP CO., LTD.",100.0,1
30763,GMIPROJECTSHAMBURGGMBH,30763,GMI PROJECTS HAMBURG GMBH,100.0,1
33259,YANSuXuan,33259,"YAN, Su Xuan",100.0,1
22166,BASHAAhmadNadirIbrahim,22166,"BASHA, Ahmad Nadir Ibrahim",100.0,1
30966,KANAndrew,30966,"KAN, Andrew",100.0,1
48309,ORCHIDIAREGIONALFORGENERALTRADINGANDCONTRACTINGCOMPANY,48309,ORCHIDIA REGIONAL FOR GENERAL TRADING AND CONTRACTING COMPANY,100.0,1
35759,DIRKSNataliaGermanova,35759,"DIRKS, Natalia Germanova",100.0,1
39300,NUREYAbdirahman,39300,"NUREY, Abdirahman",100.0,1
30394,ALIAFCOMPANY,30394,ALIAF COMPANY,100.0,1
32431,MUTAMBAStephen,32431,"MUTAMBA, Stephen",100.0,1
32496,MARRUFOCABRERAMiguelRaymundo,32496,"MARRUFO CABRERA, Miguel Raymundo",100.0,1
15098,ADVANCEDINFORMATIONANDCOMMUNICATIONTECHNOLOGYCENTER,15098,ADVANCED INFORMATION AND COMMUNICATION TECHNOLOGY CENTER,100.0,1
46353,UNIQUEPERFORMANCEGENERALTRADINGLLC,46353,UNIQUE PERFORMANCE GENERAL TRADING L.L.C,100.0,1
7201,THEAIDORGANIZATIONOFTHEULEMA,7201,THE AID ORGANIZATION OF THE ULEMA,100.0,1
50760,AURORATOOLSLIMITEDLIABILITYCOMPANY,50760,AURORATOOLS LIMITED LIABILITY COMPANY,100.0,1
22749,GARCIADUQUEFranklinHoracio,22749,"GARCIA DUQUE, Franklin Horacio",100.0,1
25842,STARSHIPMANAGEMENTLIMITED,25842,STAR SHIP MANAGEMENT LIMITED,100.0,1
11636,KALALIMITED,11636,KALA LIMITED,100.0,1
52617,SHENZHENYISHENGDAINTERNATIONALTECHNOLOGYCOLTD,52617,SHENZHEN YISHENGDA INTERNATIONAL TECHNOLOGY CO LTD,100.0,1
43249,LIMITEDLIABILITYCOMPANYTRASTKONG,43249,LIMITED LIABILITY COMPANY TRAST KONG,100.0,1
47585,SPECIALSYSTEMSPHOTONICSLIMITEDLIABILITYCOMPANY,47585,SPECIAL SYSTEMS PHOTONICS LIMITED LIABILITY COMPANY,100.0,1
46508,AMCSERVICEFZE,46508,AMC SERVICE FZE,100.0,1
51535,TNGGRUPP,51535,TNG GRUPP,100.0,1
51936,NATIVAMANAGEMENTLTD,51936,NATIVA MANAGEMENT LTD,100.0,1
11639,NIOCINTERNATIONALAFFAIRSLONDONLIMITED,11639,NIOC INTERNATIONAL AFFAIRS (LONDON) LIMITED,100.0,1
49288,ONYADBILGISAYARTICARETSIRKETI,49288,ONYAD BILGISAYAR TICARET SIRKETI,100.0,1
12890,KHANMustafaHajjiMuhammad,12890,"KHAN, Mustafa Hajji Muhammad",100.0,1
51326,USHKOAleksandrSergeyevich,51326,"USHKO, Aleksandr Sergeyevich",100.0,1
43092,DAOUDSuleimanCabdi,43092,"DAOUD, Suleiman Cabdi",100.0,1
32039,DOMINOGAMESOOD,32039,DOMINO GAMES OOD,100.0,1
51466,AKTSIONERNOEOBSHCHESTVOAGENTSTVOREGIONALNYINEZAVISIMYIREGISTRATOR,51466,AKTSIONERNOE OBSHCHESTVO AGENTSTVO REGIONALNYI NEZAVISIMYI REGISTRATOR,100.0,1
28170,DAMOUR850SAL,28170,DAMOUR 850 SAL,100.0,1
32758,OOTunTun,32758,"OO, Tun Tun",100.0,1
11447,LIFangwei,11447,"LI, Fangwei",100.0,1
21945,SALLUMMuhammad,21945,"SALLUM, Muhammad",100.0,1
39258,IRANSMORALITYPOLICE,39258,IRAN'S MORALITY POLICE,100.0,1
49255,JOINTSTOCKCOMPANYSHIPBUILDINGPLANTNAMEDAFTERBYEBUTOMA,49255,JOINT STOCK COMPANY SHIPBUILDING PLANT NAMED AFTER B YE BUTOMA,100.0,1
52262,DEPARTMENT53OFTHEMINISTRYOFTHEPEOPLESARMEDFORCES,52262,DEPARTMENT 53 OF THE MINISTRY OF THE PEOPLE'S ARMED FORCES,100.0,1
33958,KHALOZAIIsmatullah,33958,"KHALOZAI, Ismatullah",100.0,1
51865,VOROBYEVVadimNikolaevich,51865,"VOROBYEV, Vadim Nikolaevich",100.0,1
24665,CONSTRUCTORAHADOMSA,24665,CONSTRUCTORA HADOM SA,100.0,1
44619,GREENWITHOUTBORDERS,44619,GREEN WITHOUT BORDERS,100.0,1
32351,SYRIANMILITARYINTELLIGENCEBRANCH216,32351,SYRIAN MILITARY INTELLIGENCE BRANCH 216,100.0,1
50328,JOINTSTOCKCOMPANYCHERNIGOVETS,50328,JOINT STOCK COMPANY CHERNIGOVETS,100.0,1
48860,RUSSIANALLTERRAINVEHICLESPLASTUNCOMPANY,48860,RUSSIAN ALL TERRAIN VEHICLES PLASTUN COMPANY,100.0,1
19155,XZACTINC,19155,"XZACT, INC.",100.0,1
30264,ZAPATAGARZONJhonFredy,30264,"ZAPATA GARZON, Jhon Fredy",100.0,1
2690,TUFAYLISubhi,2690,"TUFAYLI, Subhi",100.0,1
40187,JOINTSTOCKCOMPANYNATIONALAVIATIONSERVICECOMPANY,40187,JOINT STOCK COMPANY NATIONAL AVIATION SERVICE COMPANY,100.0,1
11725,BELTRANLEYVAAlfredo,11725,"BELTRAN LEYVA, Alfredo",100.0,1
46574,AKTSIONERNOEOBSHCHESTVOIRKUTSKKABEL,46574,AKTSIONERNOE OBSHCHESTVO IRKUTSKKABEL,100.0,1
51299,SAADSAZEHFARAZSHARIF,51299,SAAD SAZEH FARAZ SHARIF,100.0,1
48724,BAKHSHAYESHHossein,48724,"BAKHSHAYESH, Hossein",100.0,1
51437,JOINTSTOCKCOMPANYREGISTRATORINTRACO,51437,JOINT STOCK COMPANY REGISTRATOR INTRACO,100.0,1
16085,DAEDONGCREDITBANK,16085,DAEDONG CREDIT BANK,100.0,1
6912,ALRASHIDTRUST,6912,AL RASHID TRUST,100.0,1
49305,OSTECSMARTTECHNOLOGIESLIMITEDLIABILITYCOMPANY,49305,OSTEC SMART TECHNOLOGIES LIMITED LIABILITY COMPANY,100.0,1
38818,SAULENKOOleksandrFedorovych,38818,"SAULENKO, Oleksandr Fedorovych",100.0,1
21388,ROCHMANOman,21388,"ROCHMAN, Oman",100.0,1
42024,UDOKANCOPPERLLC,42024,UDOKAN COPPER LLC,100.0,1
51134,DUBENAndreiVladimirovich,51134,"DUBEN, Andrei Vladimirovich",100.0,1
49456,PAKOINTERNATIONALTRADINGLIMITED,49456,PAKO INTERNATIONAL TRADING LIMITED,100.0,1
9992,ROJASFRANCOJaime,9992,"ROJAS FRANCO, Jaime",100.0,1
43536,DEFENSEINDUSTRIESSYSTEM,43536,DEFENSE INDUSTRIES SYSTEM,100.0,1
19156,ALBORADASA,19156,ALBORADA S.A.,100.0,1
48531,LLCZAVODSPETSAGREGAT,48531,LLC ZAVOD SPETSAGREGAT,100.0,1
50429,MARKINKIRILLVIKTOROVICH,50429,"MARKIN, KIRILL VIKTOROVICH",100.0,1
25926,QOMENERGYGENERATIONGOSTAR,25926,QOM ENERGY GENERATION GOSTAR,100.0,1
8314,ALARABITRADINGCOMPANYLIMITED,8314,AL-ARABI TRADING COMPANY LIMITED,100.0,1
49522,MAXJETSERVICELIMITEDLIABILITYCOMPANY,49522,MAX JET SERVICE LIMITED LIABILITY COMPANY,100.0,1
50366,DONGGUANSHENGYINCNCEQUIPMENTCOLTD,50366,DONGGUAN SHENGYIN CNC EQUIPMENT CO LTD,100.0,1
47926,JOINTSTOCKCOMPANYECHELONTECHNOLOGIES,47926,JOINT STOCK COMPANY ECHELON TECHNOLOGIES,100.0,1
31831,HRYBMikhail,31831,"HRYB, Mikhail",100.0,1
45209,KAMCHEVKONSALTINGSKOPJEDOOEL,45209,KAMCHEV KONSALTING SKOPJE DOOEL,100.0,1
52265,GHEZELHESARPRISON,52265,GHEZEL HESAR PRISON,100.0,1
20905,HIGUITAPERALTAJoseEfer,20905,"HIGUITA PERALTA, Jose Efer",100.0,1
7870,ALAZZAWIHikmatMizbanIbrahim,7870,"AL-AZZAWI, Hikmat Mizban Ibrahim",100.0,1
32040,MLBUILDEAD,32040,ML BUILD EAD,100.0,1
40992,KAMBIZNABIZADEHANDPARTNERSEXCHANGE,40992,KAMBIZ NABIZADEH AND PARTNERS EXCHANGE,100.0,1
22416,IFDKZAO,22416,"IFDK, ZAO",100.0,1
13428,IBARRAFAVILAJoseGerardo,13428,"IBARRA FAVILA, Jose Gerardo",100.0,1
13091,ZAYTSEVAlekseyAlekseyevich,13091,"ZAYTSEV, Aleksey Alekseyevich",100.0,1
32370,AUNGHlaingBwar,32370,"AUNG, Hlaing Bwar",100.0,1
47330,YARASALOFFSHORECOMPANY,47330,YARA S.A.L. OFFSHORE COMPANY,100.0,1
22005,SHARBAMuzhir,22005,"SHARBA, Muzhir",100.0,1
44788,FANYang,44788,"FAN, Yang",100.0,1
26526,EBRAHIMIAyatollah,26526,"EBRAHIMI, Ayatollah",100.0,1
12930,ABDOLLAHIHamed,12930,"ABDOLLAHI, Hamed",100.0,1
32277,TSERTSELIvanStanislavavich,32277,"TSERTSEL, Ivan Stanislavavich",100.0,1
49901,FALCHINIMassimo,49901,"FALCHINI, Massimo",100.0,1
36480,LESHCHENKOMikhailAleksandrovich,36480,"LESHCHENKO, Mikhail Aleksandrovich",100.0,1
18963,ABDURAKHMANOVMaghomedMaghomedzakirovich,18963,"ABDURAKHMANOV, Maghomed Maghomedzakirovich",100.0,1
49172,OOOVALCOM,49172,OOO VALCOM,100.0,1
51768,JOINTSTOCKCOMPANYROYALCREDITBANK,51768,JOINT STOCK COMPANY ROYAL CREDIT BANK,100.0,1
35542,AMELCHENKOVAOlgaNikolayevna,35542,"AMELCHENKOVA, Olga Nikolayevna",100.0,1
30269,FRESNOHOMESAS,30269,FRESNO HOME S.A.S.,100.0,1
11740,SAIDMohamed,11740,"SA'ID, Mohamed",100.0,1
51285,GUCLUGLOBALLOJISTIKLIMITEDSIRKETI,51285,GUCLU GLOBAL LOJISTIK LIMITED SIRKETI,100.0,1
12946,FIROUZABADIHassan,12946,"FIROUZABADI, Hassan",100.0,1
35423,YEZERSKYNikolayNikolayevich,35423,"YEZERSKY, Nikolay Nikolayevich",100.0,1
44094,LIMITEDLIABILITYCOMPANYPROIZVOSTVENNAYAKOMMERCHESKAYAFIRMAGAZNEFTEMASH,44094,LIMITED LIABILITY COMPANY PROIZVOSTVENNAYA KOMMERCHESKAYA FIRMA GAZNEFTEMASH,100.0,1
49924,SHENZHENRIONTECHNOLOGYCOLTD,49924,"SHENZHEN RION TECHNOLOGY CO., LTD.",100.0,1
25057,ALRAWIAdnanMuhammadAmin,25057,"AL-RAWI, 'Adnan Muhammad Amin",100.0,1
23671,SKYTRADECOMPANY,23671,SKY TRADE COMPANY,100.0,1
33431,INKOPDOOCUPRIJA,33431,INKOP DOO CUPRIJA,100.0,1
11460,CHEEMAAzam,11460,"CHEEMA, Azam",100.0,1
42741,BAZGHANDIRouhollah,42599,"BAZGHANDI, Rouhollah",100.0,0
52224,ABINGODISTRIBUTORSLIMITED,52224,ABINGO DISTRIBUTORS LIMITED,100.0,1
35975,BORISAlbertAlexandrovich,35975,"BORIS, Albert Alexandrovich",100.0,1
48077,VERGARAMEZAEdy,48077,"VERGARA MEZA, Edy",100.0,1
42280,JOUDGENERALTRADING,42280,JOUD GENERAL TRADING,100.0,1
10488,KHATAMOLANBIAGHARARGAHSAZANDEGINOOH,10488,KHATAM OL ANBIA GHARARGAH SAZANDEGI NOOH,100.0,1
21081,CONSORCIORIRFUSSADECV,21081,"CONSORCIO RIRFUS, S.A. DE C.V.",100.0,1
52079,TGRCORPORATECONCIERGELTD,52079,TGR CORPORATE CONCIERGE LTD,100.0,1
48433,JOINTSTOCKCOMPANYDUKS,48433,JOINT STOCK COMPANY DUKS,100.0,1
48096,BITPAPAICFZCLLC,48096,BITPAPA IC FZC LLC,100.0,1
50419,WATERFALLENGINEERINGLTD,50419,WATERFALL ENGINEERING LTD,100.0,1
40212,QUANZHOUYIYANGJINIMPORTANDEXPORTTRADECOLTD,40212,"QUANZHOU YIYANGJIN IMPORT AND EXPORT TRADE CO., LTD.",100.0,1
26201,RIMGROUPINVESTMENTSCORP,26201,"RIM GROUP INVESTMENTS, CORP.",100.0,1
48294,MAZAYAALARDHALDHABIALLC,48294,MAZAYA ALARDH ALDHABIA LLC,100.0,1
47491,ZAGORNOVMaksimAleksandrovich,47491,"ZAGORNOV, Maksim Aleksandrovich",100.0,1
35595,GILMUTDINOVIldarIrekovich,35595,"GILMUTDINOV, Ildar Irekovich",100.0,1
27164,EBTEKARSANATILYALLC,27164,EBTEKAR SANAT ILYA LLC,100.0,1
35018,DUCASHEWGENERALTRADINGLLC,35018,DUCASHEW GENERAL TRADING LLC,100.0,1
8204,KIFANEAbderrahmane,8204,"KIFANE, Abderrahmane",100.0,1
34063,WOODFORDENTERPRISESLIMITEDSASU,34063,WOODFORD ENTERPRISES LIMITED SASU,100.0,1
21556,ZAHEDIMostafa,21556,"ZAHEDI, Mostafa",100.0,1
7208,ESSIDSamiBenKhemais,7208,"ESSID, Sami Ben Khemais",100.0,1
35680,METSHINAidarRaisovich,35680,"METSHIN, Aidar Raisovich",100.0,1
35940,QUANTLOGOY,35940,QUANTLOG OY,100.0,1
11306,TETKHAMCONSTRUCTIONCOMPANYLIMITED,11306,TET KHAM CONSTRUCTION COMPANY LIMITED,100.0,1
29042,DAMASCUSCHAMFORMANAGEMENTLLC,29042,DAMASCUS CHAM FOR MANAGEMENT LLC,100.0,1
39139,JOINTSTOCKCOMPANYROSSIYSKIYEKOSMICHESKIYESISTEMY,39139,JOINT STOCK COMPANY ROSSIYSKIYE KOSMICHESKIYE SISTEMY,100.0,1
45037,JOINTSTOCKCOMPANYKRAFTWAYCORPORATIONPLS,45037,JOINT STOCK COMPANY KRAFTWAY CORPORATION PLS,100.0,1
27235,MANARASAS,27235,MANARA S.A.S.,100.0,1
34698,PECHATNIKOVAnatoliiYuryevich,34698,"PECHATNIKOV, Anatolii Yuryevich",100.0,1
19045,LTSHOLDINGLIMITED,19045,LTS HOLDING LIMITED,100.0,1
12028,ONERBANKZAO,12028,ONERBANK ZAO,100.0,1
12481,MEHRBANK,12481,MEHR BANK,100.0,1
7891,KAZIMRashidTaan,7891,"KAZIM, Rashid Taan",100.0,1
11938,MENDOZACONTRERASCipriano,11938,"MENDOZA CONTRERAS, Cipriano",100.0,1
17227,MERAJAIR,17227,MERAJ AIR,100.0,1
15852,ANSARALDINE,15852,ANSAR AL-DINE,100.0,1
46679,JOINTSTOCKCOMPANYKAMENSKVOLOKNO,46679,JOINT STOCK COMPANY KAMENSKVOLOKNO,100.0,1
47919,VNIGRIGEOLOGORAZVEDKAAO,47919,VNIGRI GEOLOGORAZVEDKA AO,100.0,1
35560,BESSARABOVDaniilVladimirovich,35560,"BESSARABOV, Daniil Vladimirovich",100.0,1
19172,RESIDENCIALCANALVIEWSA,19172,"RESIDENCIAL CANAL VIEW, S.A.",100.0,1
45398,CVIJETINOVICSavo,45398,"CVIJETINOVIC, Savo",100.0,1
30063,DUBINSKYOleksandr,30063,"DUBINSKY, Oleksandr",100.0,1
21929,ALATASIYumnaMarwanalSayyidSulayman,21929,"AL-ATASI, Yumna Marwan al-Sayyid Sulayman",100.0,1
52314,NOBLEFUCOMPANYLIMITED,52314,NOBLEFU COMPANY LIMITED,100.0,1
35845,STATEDUMAOFTHEFEDERALASSEMBLYOFTHERUSSIANFEDERATION,35845,STATE DUMA OF THE FEDERAL ASSEMBLY OF THE RUSSIAN FEDERATION,100.0,1
19671,NURISTANIAbdulAziz,19671,"NURISTANI, Abdul Aziz",100.0,1
24705,LOPEZJoseFrancisco,24705,"LOPEZ, Jose Francisco",100.0,1
49537,BULUTLARGEMITERSANECILIKSANAYITICARETLIMITEDSIRKETI,49537,BULUTLAR GEMI TERSANECILIK SANAYI TICARET LIMITED SIRKETI,100.0,1
40416,DAMAVANDIANGhassem,40416,"DAMAVANDIAN, Ghassem",100.0,1
23572,KIRISHIAVTOSERVISOOO,23572,KIRISHIAVTOSERVIS OOO,100.0,1
17449,MARSHALLCAPITALPARTNERS,17449,MARSHALL CAPITAL PARTNERS,100.0,1
50941,HONESTWINTECHNOLOGYCOLIMITED,50941,HONESTWIN TECHNOLOGY CO LIMITED,100.0,1
35347,AVIASTARSPAIRCRAFTMANUFACTURINGENTERPRISE,35347,AVIASTAR-SP AIRCRAFT MANUFACTURING ENTERPRISE,100.0,1
45851,OBSHCHESTVOSOGRANICHENNOIOTVETSTVENNOSTYUELEKTROKOMVPK,45851,OBSHCHESTVO S OGRANICHENNOI OTVETSTVENNOSTYU ELEKTROKOM VPK,100.0,1
15718,BADEGEEric,15718,"BADEGE, Eric",100.0,1
50299,SFOGLIETTIGiulio,50299,"SFOGLIETTI, Giulio",100.0,1
35901,PUBLICJOINTSTOCKCOMPANYYAKOVLEV,35901,PUBLIC JOINT STOCK COMPANY YAKOVLEV,100.0,1
22923,THULSIETonyLee,22923,"THULSIE, Tony-Lee",100.0,1
9408,AUTOEXPRESSDORADOSSADECV,9408,AUTO EXPRESS DORADOS S.A. DE C.V.,100.0,1
23825,KINGLYWONINTERNATIONALCOLTD,23825,"KINGLY WON INTERNATIONAL CO., LTD.",100.0,1
35537,ASIMOVRahimAzizboyevich,35537,"ASIMOV, Rahim Azizboyevich",100.0,1
25454,NARISHIPPINGANDCHARTERINGGMBHCOKG,25454,NARI SHIPPING AND CHARTERING GMBH & CO. KG,100.0,1
35416,KAMNEVGeorgyPetrovich,35416,"KAMNEV, Georgy Petrovich",100.0,1
12328,MUGARAGULeodomir,12328,"MUGARAGU, Leodomir",100.0,1
49424,JOINTSTOCKCOMPANYBELARUSREZINOTEKHNIKA,49424,JOINT STOCK COMPANY BELARUSREZINOTEKHNIKA,100.0,1
44684,CHERKASOVAIrinaAleksandrovna,44684,"CHERKASOVA, Irina Aleksandrovna",100.0,1
24520,YAZBAKMuhammad,24520,"YAZBAK, Muhammad",100.0,1
28927,DARVISHHabil,28927,"DARVISH, Habil",100.0,1
11626,PETROCHEMICALCOMMERCIALCOMPANYUKLIMITED,11626,PETROCHEMICAL COMMERCIAL COMPANY (U.K.) LIMITED,100.0,1
33256,KAZEMIMohammadReza,33256,"KAZEMI, Mohammad Reza",100.0,1
23508,KIMSong,23508,"KIM, Song",100.0,1
48814,SFGBALTIKA,48814,SFG BALTIKA,100.0,1
47339,ALQADIRIMuhammadAli,47339,"AL-QADIRI, Muhammad Ali",100.0,1
23565,LIMITEDLIABILITYCOMPANYFOREIGNECONOMICASSOCIATIONTECHNOPROMEXPORT,23565,LIMITED LIABILITY COMPANY FOREIGN ECONOMIC ASSOCIATION TECHNOPROMEXPORT,100.0,1
22905,AENGINEERINGELECTRONICSMEDIAPRINTINGCOLTD,22905,"A+ ENGINEERING, ELECTRONICS & MEDIA PRINTING CO. LTD.",100.0,1
47791,JOINTSTOCKCOMPANYPROIZVODSTVENNOEOBEDINENIEFORT,47791,JOINT STOCK COMPANY PROIZVODSTVENNOE OBEDINENIE FORT,100.0,1
15217,DREXTECHNOLOGIESSA,15217,DREX TECHNOLOGIES S.A.,100.0,1
15891,PODOPRIGOROVSergeiG,15891,"PODOPRIGOROV, Sergei G.",100.0,1
26162,NUNEZMOLINAAdelmo,26162,"NUNEZ MOLINA, Adelmo",100.0,1
34696,KULIKVadimValerievich,34696,"KULIK, Vadim Valerievich",100.0,1
50100,DPSHIPPINGLIMITED,50100,DP SHIPPING LIMITED,100.0,1
45010,LIMITEDLIABILITYCOMPANYSEVERNAYAENERGETICHESKAYAKOMPANIYA,45010,LIMITED LIABILITY COMPANY SEVERNAYA ENERGETICHESKAYA KOMPANIYA,100.0,1
45074,LLCARMZMININGMACHINES,45074,LLC ARMZ MINING MACHINES,100.0,1
35576,VALENCHUKOlegDorianovich,35576,"VALENCHUK, Oleg Dorianovich",100.0,1
47740,JOINTSTOCKCOMPANYKOVROVELECTROMECHANICALPLANT,47740,JOINT STOCK COMPANY KOVROV ELECTROMECHANICAL PLANT,100.0,1
7672,CORICValentin,7672,"CORIC, Valentin",100.0,1
17620,JANGSongChol,17620,"JANG, Song Chol",100.0,1
12195,GENETICAIMPORTEXPORTSPRDERLDECV,12195,GENETICA IMPORT-EXPORT S.P.R. DE R.L. DE C.V.,100.0,1
48664,MEHRSAMANDISHEHSAZNIK,48664,MEHRSAM ANDISHEH SAZ NIK,100.0,1
51075,KSIANLIMITEDLIABILITYCOMPANY,51075,KSIAN LIMITED LIABILITY COMPANY,100.0,1
18529,DEIFMuhammed,18529,"DEIF, Muhammed",100.0,1
8743,LARGOLEASINGLTD,8743,LARGO LEASING LTD.,100.0,1
37803,SCIENTIFICANDRESEARCHINSTITUTEFERRITDOMEN,37803,SCIENTIFIC AND RESEARCH INSTITUTE FERRIT DOMEN,100.0,1
38437,HAJIHOSSEINIMojtaba,38437,"HAJI HOSSEINI, Mojtaba",100.0,1
45792,SKYROYALHEROCOMPANYLIMITED,45792,SKY ROYAL HERO COMPANY LIMITED,100.0,1
51531,JOINTSTOCKCOMPANYINVESTGEOSERVIS,51531,JOINT STOCK COMPANY INVESTGEOSERVIS,100.0,1
6862,HAMIEHJamiel,6862,"HAMIEH, Jamiel",100.0,1
15541,JALILIRasool,15541,"JALILI, Rasool",100.0,1
11911,ALAQSATV,11911,AL-AQSA TV,100.0,1
51236,LIMITEDLIABILITYCOMPANYELEKTRONKOMPONENT,51236,LIMITED LIABILITY COMPANY ELEKTRON KOMPONENT,100.0,1
28317,HONGYUANMARINECOLTD,28317,HONGYUAN MARINE CO LTD,100.0,1
18634,KHALIMOVGulmurod,18634,"KHALIMOV, Gulmurod",100.0,1
45854,ALESKEEVAMarinaMikhaylovna,45854,"ALESKEEVA, Marina Mikhaylovna",100.0,1
49755,QIDONGHENGCHENGELECTRONICSFACTORY,49755,QIDONG HENGCHENG ELECTRONICS FACTORY,100.0,1
30702,KGBALPHA,30702,KGB ALPHA,100.0,1
46720,TRANSSIBERIANGOLDLIMITED,46720,TRANS SIBERIAN GOLD LIMITED,100.0,1
30412,DAYCOMPANY,30412,DAY COMPANY,100.0,1
50482,HEAVYOILDISTRIBUTIONCOMPANYHODICOSAL,50482,HEAVY OIL DISTRIBUTION COMPANY HODICO S.A.L.,100.0,1
23478,PAKTongSok,23478,"PAK, Tong Sok",100.0,1
19991,KHANANIMuhammadJaved,19991,"KHANANI, Muhammad Javed",100.0,1
15893,SILCHENKOOlegF,15893,"SILCHENKO, Oleg F.",100.0,1
39680,PIRIMorteza,39680,"PIRI, Morteza",100.0,1
19100,LORDSRESISTANCEARMY,19100,LORD'S RESISTANCE ARMY,100.0,1
41048,MILEKHINYuriyMikhailovich,41048,"MILEKHIN, Yuriy Mikhailovich",100.0,1
34995,BUSINESSFINANCELIMITEDLIABILITYCOMPANY,34995,BUSINESS-FINANCE LIMITED LIABILITY COMPANY,100.0,1
37721,JOINTSTOCKCOMPANYRADIOPRIBOR,37721,JOINT STOCK COMPANY RADIOPRIBOR,100.0,1
7809,VASILJEVICMitar,7809,"VASILJEVIC, Mitar",100.0,1
36029,JSC33SHIPYARD,36029,JSC 33 SHIPYARD,100.0,1
33332,ISMAILTalibHusaynAliJarak,33332,"ISMAIL, Talib Husayn Ali Jarak",100.0,1
44941,NAUCHNOPROIZVODSTVENNOEPREDPRIYATIEITELMA,44941,NAUCHNO PROIZVODSTVENNOE PREDPRIYATIE ITELMA,100.0,1
35425,PARFYONOVDenisAndreyevich,35425,"PARFYONOV, Denis Andreyevich",100.0,1
44142,MARINYCHEVPavelAlekseevich,44142,"MARINYCHEV, Pavel Alekseevich",100.0,1
48876,ROSHCHUPKINVladimirNikolaevich,48876,"ROSHCHUPKIN, Vladimir Nikolaevich",100.0,1
43356,ELBALLOUTIOthman,43356,"EL BALLOUTI, Othman",100.0,1
15971,CISNEROSRODRIGUEZJoseMisael,15971,"CISNEROS RODRIGUEZ, Jose Misael",100.0,1
37758,NEFAZPUBLICLYTRADEDCOMPANY,37758,NEFAZ PUBLICLY TRADED COMPANY,100.0,1
40955,VILLAFredericPierre,40955,"VILLA, Frederic Pierre",100.0,1
27969,WAKILRohullah,27969,"WAKIL, Rohullah",100.0,1
50693,AVTONOMNAYANEKOMMERCHESKAYAORGANIZATSIYASODEYSTVIYARAZVITIYUMEZHDUNARODNOVOSOTRUDNICHESTVAEVRAZIYA,50693,AVTONOMNAYA NEKOMMERCHESKAYA ORGANIZATSIYA SODEYSTVIYA RAZVITIYU MEZHDUNARODNOVO SOTRUDNICHESTVA EVRAZIYA,100.0,1
42038,BODEAUGary,42038,"BODEAU, Gary",100.0,1
7157,FARMACIAVIDASUPREMASADECV,7157,"FARMACIA VIDA SUPREMA, S.A. DE C.V.",100.0,1
26557,SHAHIDSHOKRISCIENCEANDTECHNOLOGYRESEARCHCENTER,26557,SHAHID SHOKRI SCIENCE AND TECHNOLOGY RESEARCH CENTER,100.0,1
51432,JSCDRAGA,51432,JSC DRAGA,100.0,1
50416,LIMITEDLIABILITYCOMPANYREMSTAL,50416,LIMITED LIABILITY COMPANY REMSTAL,100.0,1
7927,SIREGARParlindungan,7927,"SIREGAR, Parlindungan",100.0,1
48885,LIMITEDLIABILITYCOMPANYRAZREZVERKHNETESHSKIY,48885,LIMITED LIABILITY COMPANY RAZREZ VERKHNETESHSKIY,100.0,1
40581,AKTSIONERNOYEOBSHCHESTVODALNEVOSTOCHNYYZAVODZVEZDA,40581,AKTSIONERNOYE OBSHCHESTVO DALNEVOSTOCHNYY ZAVOD ZVEZDA,100.0,1
49284,LIMITEDLIABILITYCOMPANYREVOLEMC,49284,LIMITED LIABILITY COMPANY REVOLEMC,100.0,1
7942,ALDAGMAAschraf,7942,"AL-DAGMA, Aschraf",100.0,1
18093,AHOMEREALESTATESADECV,18093,"AHOME REAL ESTATE, S.A. DE C.V.",100.0,1
43083,HURIYAPRIVATEFZELLE,43083,HURIYA PRIVATE FZE LLE,100.0,1
23965,KATIBATALIMAMALBUKHARI,23965,KATIBAT AL-IMAM AL-BUKHARI,100.0,1
42979,PRORATASOLUTIONSBV,42979,PRO RATA SOLUTIONS B.V.,100.0,1
45352,VNIIRPROMELEKTROLLC,45352,VNIIR PROMELEKTRO LLC,100.0,1
52162,HALAVINSAleksejs,52162,"HALAVINS, Aleksejs",100.0,1
23630,LIWAALTHAWRA,23630,LIWA AL-THAWRA,100.0,1
10583,ESMAELIRezaGholi,10583,"ESMAELI, Reza-Gholi",100.0,1
45390,MICUNOVICBranislav,45390,"MICUNOVIC, Branislav",100.0,1
22043,HILALIMuhammadJalal,22043,"HILALI, Muhammad Jalal",100.0,1
47745,JOINTSTOCKCOMPANYARZAMASMACHINEBUILDINGPLANT,47745,JOINT STOCK COMPANY ARZAMAS MACHINE BUILDING PLANT,100.0,1
18345,SENATSHIPPINGLIMITED,18345,SENAT SHIPPING LIMITED,100.0,1
6950,UTHMANOmarMahmoud,6950,"UTHMAN, Omar Mahmoud",100.0,1
11422,AEROCONTINENTEEIRL,11422,AERO CONTINENTE E.I.R.L.,100.0,1
34499,OTKRITIELTDGROUP,34499,OTKRITIE LTD GROUP,100.0,1
44198,OZEANIMMOBILIENPROJEKTENTWICKLUNGVERWALTUNGSGMBH,44198,OZEAN IMMOBILIEN PROJEKTENTWICKLUNG VERWALTUNGS- GMBH,100.0,1
15901,DUKUZOVKazbek,15901,"DUKUZOV, Kazbek",100.0,1
40917,PETROVSergeiValentinovich,40917,"PETROV, Sergei Valentinovich",100.0,1
50237,NAREIKOIvanNikolaevich,50237,"NAREIKO, Ivan Nikolaevich",100.0,1
12251,RADANAhmadReza,12251,"RADAN, Ahmad-Reza",100.0,1
11869,EMPRESADEEMPLEOSTEMPORALESLAUNICALTDA,11869,EMPRESA DE EMPLEOS TEMPORALES LA UNICA LTDA.,100.0,1
27029,SUZHOUZHONGSHENGMAGNETICINDUSTRYCOLTD,27029,"SUZHOU ZHONGSHENG MAGNETIC INDUSTRY CO., LTD.",100.0,1
45808,HOMECREDITFINANCEBANKLIMITEDLIABILITYCOMPANY,45808,HOME CREDIT & FINANCE BANK LIMITED LIABILITY COMPANY,100.0,1
9532,JANPRAPAPORNArin,9532,"JANPRAPAPORN, Arin",100.0,1
51042,AYDINRecepCetin,51042,"AYDIN, Recep Cetin",100.0,1
47296,LIMITEDLIABILITYCOMPANYNRDEL,47296,LIMITED LIABILITY COMPANY NR-DEL,100.0,1
49444,LIMITEDLIABILITYCOMPANYCOALSTARTRANS,49444,LIMITED LIABILITY COMPANY COALSTAR TRANS,100.0,1
9618,KOHASAG,9618,KOHAS AG,100.0,1
21569,AVILAROCHAMariaMonserrat,21569,"AVILA ROCHA, Maria Monserrat",100.0,1
22135,HARIRIMuhammad,22135,"HARIRI, Muhammad",100.0,1
23846,ALBARNAWIAbuMusab,23846,"AL-BARNAWI, Abu Musab",100.0,1
23580,UGOLNYETEKHNOLOGIIOOO,23580,"UGOLNYE TEKHNOLOGII, OOO",100.0,1
11738,GARAADMohamedAbdi,11738,"GARAAD, Mohamed Abdi",100.0,1
35513,STENYAKINAEkaterinaPetrovna,35513,"STENYAKINA, Ekaterina Petrovna",100.0,1
51325,USHKOSergeiPetrovich,51325,"USHKO, Sergei Petrovich",100.0,1
26397,HERNANDEZDALAIvanRafael,26397,"HERNANDEZ DALA, Ivan Rafael",100.0,1
35596,GIMBATOVAndreyPetrovich,35596,"GIMBATOV, Andrey Petrovich",100.0,1
22267,ALHAMIDHashimMuhsinAydarus,22267,"AL-HAMID, Hashim Muhsin Aydarus",100.0,1
13407,ESPARRAGOZAGASTELUMJuanIgnacio,13407,"ESPARRAGOZA GASTELUM, Juan Ignacio",100.0,1
21579,RIVERAGUERRERORaquel,21579,"RIVERA GUERRERO, Raquel",100.0,1
35120,BUBNOVAIrinaSergeyevna,35120,"BUBNOVA, Irina Sergeyevna",100.0,1
555,COMERCIALIZACIONDEPRODUCTOSVARIOS,555,COMERCIALIZACION DE PRODUCTOS VARIOS,100.0,1
35235,NOVIKOVDmitriyGeorgievich,35235,"NOVIKOV, Dmitriy Georgievich",100.0,1
46719,UNITEDELECTRONICSGROUPCOMPANYLIMITED,46719,UNITED ELECTRONICS GROUP COMPANY LIMITED,100.0,1
35544,ANIKEEVGrigoryViktorovich,35544,"ANIKEEV, Grigory Viktorovich",100.0,1
52257,OBSHCHESTVOSOGRANICHENNOIOTVETSTVENNOSTYUSEB,52257,OBSHCHESTVO S OGRANICHENNOI OTVETSTVENNOSTYU SEB,100.0,1
39184,JSCSCIENTIFICANDTECHNICALCENTERZASLON,39184,JSC SCIENTIFIC AND TECHNICAL CENTER ZASLON,100.0,1
17755,RUSSIANNATIONALCOMMERCIALBANK,17755,RUSSIAN NATIONAL COMMERCIAL BANK,100.0,1
40972,GREENLANDOILGASTRADINGFZE,40972,GREENLAND OIL & GAS TRADING FZE,100.0,1
35257,BOBKOVSergeiAlekseevich,35257,"BOBKOV, Sergei Alekseevich",100.0,1
38667,PETROVSKIYYanIgorevich,38667,"PETROVSKIY, Yan Igorevich",100.0,1
17770,KAFAKENTERPRISESLIMITED,17770,KAFAK ENTERPRISES LIMITED,100.0,1
21583,RUELASAVILATrinidad,21583,"RUELAS AVILA, Trinidad",100.0,1
15648,SADIMPORTEXPORTCOMPANY,15648,SAD IMPORT EXPORT COMPANY,100.0,1
24835,LACNOSRO,24835,LACNO S.R.O.,100.0,1
9537,PICHAYOSWinai,9537,"PICHAYOS, Winai",100.0,1
23897,PLMSOCIEDADDECORRETAJECA,23897,"P L M SOCIEDAD DE CORRETAJE, C.A.",100.0,1
11472,MEJIAARTEAGANora,11472,"MEJIA ARTEAGA, Nora",100.0,1
16141,ZIRACCHIANZADEHMahmoud,16141,"ZIRACCHIAN ZADEH, Mahmoud",100.0,1
11853,JAIMEJEREZVYCIASCSJERGALSCS,11853,JAIME JEREZ V. Y CIA. S.C.S. JERGAL S.C.S.,100.0,1
40580,INTERNATIONALLIMITEDLIABILITYCOMPANYINTERROSCAPITAL,40580,INTERNATIONAL LIMITED LIABILITY COMPANY INTERROS CAPITAL,100.0,1
39541,SULTANSCONSTRUCTIONCC,39541,SULTAN'S CONSTRUCTION CC,100.0,1
52292,KIMYonHui,52292,"KIM, Yon Hui",100.0,1
23189,DEBONODarren,23189,"DEBONO, Darren",100.0,1
48962,CAPITALTAPGENERALTRADINGLLC,48962,CAPITAL TAP GENERAL TRADING L.L.C.,100.0,1
40921,HKSIHAIYINGTONGINDUSTRYCOLIMITED,40921,"HK SIHAI YINGTONG INDUSTRY CO., LIMITED",100.0,1
18957,RUELASTORRESJoseLuis,18957,"RUELAS TORRES, Jose Luis",100.0,1
35538,AITKULOVAElviraRinatovna,35538,"AITKULOVA, Elvira Rinatovna",100.0,1
20921,KOZENKOAndreyDmitrievich,20921,"KOZENKO, Andrey Dmitrievich",100.0,1
45066,NAJAFIANPURAmer,45066,"NAJAFIANPUR, Amer",100.0,1
35667,LIKHACHEVVitalyViktorovich,35667,"LIKHACHEV, Vitaly Viktorovich",100.0,1
36783,FEDOROVYuryViktorovich,36783,"FEDOROV, Yury Viktorovich",100.0,1
41119,LIMITEDLIABILITYCOMPANYBASTION,41119,LIMITED LIABILITY COMPANY BASTION,100.0,1
50408,MEZHREGIONSTROJOOOMAGYARORSZAGIFIOKTELEPE,50408,MEZHREGIONSTROJ OOO MAGYARORSZAGI FIOKTELEPE,100.0,1
7324,MOROCCANISLAMICCOMBATANTGROUP,7324,MOROCCAN ISLAMIC COMBATANT GROUP,100.0,1
7280,JEMAAISLAMIYAH,7280,JEMAA ISLAMIYAH,100.0,1
44240,OZEANHORIZONTPROJEKTENTWICKLUNGSGMBHCOKG,44240,OZEAN HORIZONT PROJEKTENTWICKLUNGS GMBH & CO. KG,100.0,1
12066,JAFARIMohammadAli,12066,"JAFARI, Mohammad Ali",100.0,1
52002,JSCRUSSIANCOAL,52002,JSC RUSSIAN COAL,100.0,1
35353,PUBLICJOINTSTOCKCOMPANYODKUFIMSKOYEMOTOROSTROITELNOYEPRODUCTIONASSOCIATION,35353,PUBLIC JOINT-STOCK COMPANY ODK-UFIMSKOYE MOTOROSTROITELNOYE PRODUCTION ASSOCIATION,100.0,1
27593,ALCARDINALINVESTMENTSCOLTD,27593,AL CARDINAL INVESTMENTS CO. LTD,100.0,1
16909,HOMSREFINERYCOMPANY,16909,HOMS REFINERY COMPANY,100.0,1
35525,SENINVladimirBorisovich,35525,"SENIN, Vladimir Borisovich",100.0,1
33919,HIDRITRUST,33919,HIDRI TRUST,100.0,1
22032,FADULFarhub,22032,"FADUL, Farhub",100.0,1
28345,SAGEENERGYHKLIMITED,28345,SAGE ENERGY HK LIMITED,100.0,1
50417,COMUSFZCO,50417,COMUS FZCO,100.0,1
22115,NAJJARMuhammadAmin,22115,"NAJJAR, Muhammad Amin",100.0,1
11468,SANCHEZRIVERADorisPatricia,11468,"SANCHEZ RIVERA, Doris Patricia",100.0,1
47922,SEVMORNEFTEGEOFIZIKAAO,47922,SEVMORNEFTEGEOFIZIKA AO,100.0,1
46219,BANLUCOMERCIALIZADORASADECV,46219,"BANLU COMERCIALIZADORA, S.A. DE C.V.",100.0,1
27000,MAYCHOUAli,27000,"MAYCHOU, Ali",100.0,1
35681,MILONOVVitalyValentinovich,35681,"MILONOV, Vitaly Valentinovich",100.0,1
26191,OSADCHUKAleksandrVladimirovich,26191,"OSADCHUK, Aleksandr Vladimirovich",100.0,1
49747,RIVERAIBARRAGerardo,49747,"RIVERA IBARRA, Gerardo",100.0,1
22125,IDNisrinBubhi,22125,"'ID, Nisrin Bubhi",100.0,1
36801,KARLINAlexanderBogdanovich,36801,"KARLIN, Alexander Bogdanovich",100.0,1
16010,TADBIRENERGYDEVELOPMENTGROUPCO,16010,TADBIR ENERGY DEVELOPMENT GROUP CO.,100.0,1
17789,TAHINIAbdallahAsad,17789,"TAHINI, Abdallah Asad",100.0,1
42998,IGTINTERGESTIONSTRUSTREG,42998,IGT INTERGESTIONS TRUST REG.,100.0,1
36077,ANATOLIANULUSLARARASIENERJIYATIRIMANONIMSIRKETI,36077,ANATOLIAN ULUSLARARASI ENERJI YATIRIM ANONIM SIRKETI,100.0,1
11380,HUSAINAliSaleh,11380,"HUSAIN, Ali Saleh",100.0,1
39361,BELOUSOVAndreyRemovich,39361,"BELOUSOV, Andrey Removich",100.0,1
7179,ALBERDIURANGAItziar,7179,"ALBERDI URANGA, Itziar",100.0,1
35936,JOINTSTOCKCOMPANYMIKRON,35936,JOINT STOCK COMPANY MIKRON,100.0,1
11417,TALLERDEREPARACIONESDEAERODINOSSUSPARTESYSERVICIOSAEREOSSA,11417,TALLER DE REPARACIONES DE AERODINOS SUS PARTES Y SERVICIOS AEREOS S.A.,100.0,1
21403,MUGHNIYEHMustafa,21403,"MUGHNIYEH, Mustafa",100.0,1
40822,LIMITEDLIABILITYCOMPANYRUSSUL,40822,LIMITED LIABILITY COMPANY RUSSUL,100.0,1
47402,LIMITEDLIABILITYCOMPANYRESURS,47402,LIMITED LIABILITY COMPANY RESURS,100.0,1
30854,MOFIDRAHBARAUDITFIRM,30854,MOFIDRAHBAR AUDIT FIRM,100.0,1
12116,ZURAIKAliHasan,12116,"ZURAIK, Ali Hasan",100.0,1
23329,AFRICADAINSURANCECOMPANY,23329,AFRICADA INSURANCE COMPANY,100.0,1
34823,UNITEDWORLDINTERNATIONAL,34823,UNITED WORLD INTERNATIONAL,100.0,1
26179,MININAlexeyValerevich,26179,"MININ, Alexey Valerevich",100.0,1
33614,VALENZUELABLANDONFranciscoRamon,33614,"VALENZUELA BLANDON, Francisco Ramon",100.0,1
49752,YIDATONGTIANJINMETALMATERIALSCOLTD,49752,"YIDATONG TIANJIN METAL MATERIALS CO., LTD",100.0,1
26564,SADRARESEARCHCENTER,26564,SADRA RESEARCH CENTER,100.0,1
26173,MORENETSAlekseiSergeyevich,26173,"MORENETS, Aleksei Sergeyevich",100.0,1
23890,INVERSIONESPMA243CA,23890,"INVERSIONES PMA 243, C.A.",100.0,1
8881,SHALISHAsif,8881,"SHALISH, Asif",100.0,1
10044,FAYADSobhiMahmoud,10044,"FAYAD, Sobhi Mahmoud",100.0,1
46131,JANGMyongChol,46131,"JANG, Myong Chol",100.0,1
46031,LLCAEONDEVELOPMENT,46031,LLC AEON DEVELOPMENT,100.0,1
45970,LIMITEDLIABILITYCOMPANYNEWDECISIONS5,45970,LIMITED LIABILITY COMPANY NEW DECISIONS 5,100.0,1
33595,ABOUTALEBIYousef,33595,"ABOUTALEBI, Yousef",100.0,1
11291,WEIHsuehYuan,11291,"WEI, Hsueh Yuan",100.0,1
18310,ROTENBERGRomanBorisovich,18310,"ROTENBERG, Roman Borisovich",100.0,1
43267,JOINTSTOCKCOMPANY195REPAIRPLANTOFROCKETANDARTILLERYWEAPONS,43267,JOINT STOCK COMPANY 195 REPAIR PLANT OF ROCKET AND ARTILLERY WEAPONS,100.0,1
36053,JOINTSTOCKCOMPANY10ORDENATRUDOVOGOKRASNOGOZNAMENIDOCKYARD,36053,JOINT STOCK COMPANY 10 ORDENA TRUDOVOGO KRASNOGO ZNAMENI DOCKYARD,100.0,1
8375,IRAQIFREIGHTSERVICESLIMITED,8375,IRAQI FREIGHT SERVICES LIMITED,100.0,1
32001,BULLETTRADEOOD,32001,BULLET TRADE OOD,100.0,1
41176,PARDOESPINOEduardo,41176,"PARDO ESPINO, Eduardo",100.0,1
7581,CONSTRUCCIONESPROGRESODELPUERTOSA,7581,CONSTRUCCIONES PROGRESO DEL PUERTO S.A.,100.0,1
49528,GUANGDONGPRATICCNCTECHNOLOGYCOLTD,49528,GUANGDONG PRATIC CNC TECHNOLOGY CO LTD,100.0,1
36862,SKAKOVSKAYALyudmilaNikolayevna,36862,"SKAKOVSKAYA, Lyudmila Nikolayevna",100.0,1
25805,SHOMALCEMENTCOMPANY,25805,SHOMAL CEMENT COMPANY,100.0,1
36800,KONDRATENKOAlekseyNikolayevich,36800,"KONDRATENKO, Aleksey Nikolayevich",100.0,1
25654,TAMASCOMPANY,25654,TAMAS COMPANY,100.0,1
10726,ALMAZIDIHBadranTurkiHishan,10726,"AL MAZIDIH, Badran Turki Hishan",100.0,1
47442,AWALEMohamedJumaleAli,47442,"AWALE, Mohamed Jumale Ali",100.0,1
34776,STATEOWNEDFOREIGNTRADEUNITARYENTERPRISEBELSPETSVNESHTECHNIKA,34776,STATE OWNED FOREIGN TRADE UNITARY ENTERPRISE BELSPETSVNESHTECHNIKA,100.0,1
12404,AZHARAbdulRauf,12404,"AZHAR, Abdul Rauf",100.0,1
15974,TURCIOSANGELSaulAntonio,15974,"TURCIOS ANGEL, Saul Antonio",100.0,1
28164,BEIRUTDIAMSAL,28164,BEIRUT DIAM SAL,100.0,1
30373,KAVEHPARSMININGINDUSTRIESDEVELOPMENTCOMPANY,30373,KAVEH PARS MINING INDUSTRIES DEVELOPMENT COMPANY,100.0,1
46576,LIMITEDLIABILITYCOMPANYTUBOR,46576,LIMITED LIABILITY COMPANY TUBOR,100.0,1
39142,JOINTSTOCKCOMPANYRESEARCHANDPRODUCTIONASSOCIATIONNAMEDAFTERSALAVOCHKINA,39142,JOINT STOCK COMPANY RESEARCH AND PRODUCTION ASSOCIATION NAMED AFTER S. A. LAVOCHKINA,100.0,1
10386,GULFCARTEL,10386,GULF CARTEL,100.0,1
47674,LIMITEDLIABILITYCOMPANYITC,47674,LIMITED LIABILITY COMPANY ITC,100.0,1
52171,FULDASHIPPINGCO,52171,FULDA SHIPPING CO,100.0,1
39316,BADAASMohamedAli,39316,"BADAAS, Mohamed Ali",100.0,1
36816,KARASINGrigoryBorisovich,36816,"KARASIN, Grigory Borisovich",100.0,1
18595,HUSSAINOmar,18595,"HUSSAIN, Omar",100.0,1
49174,JOINTSTOCKCOMPANYRESEARCHANDPRODUCTIONCENTERVIGSTAR,49174,JOINT STOCK COMPANY RESEARCH AND PRODUCTION CENTER VIGSTAR,100.0,1
46013,LIMITEDLIABILITYCOMPANYHARTISDV,46013,LIMITED LIABILITY COMPANY HARTIS DV,100.0,1
47886,LIMITEDLIABILITYCOMPANYPIKPLUS,47886,LIMITED LIABILITY COMPANY PIK PLUS,100.0,1
52064,SUZANGENERALTRADINGPVTLTD,52064,SUZAN GENERAL TRADING PVT LTD,100.0,1
29624,MOBINHOLDINGLIMITED,29624,MOBIN HOLDING LIMITED,100.0,1
42064,LEDRATRUSTEESLIMITED,42064,LEDRA TRUSTEES LIMITED,100.0,1
35874,TRVAUTOLIMITEDLIABILITYCOMPANY,35874,TRV AUTO LIMITED LIABILITY COMPANY,100.0,1
24318,GOVORUNOleg,24318,"GOVORUN, Oleg",100.0,1
47723,JOINTSTOCKCOMPANYASTEIS,47723,JOINT STOCK COMPANY ASTEIS,100.0,1
35483,SHKOLKINANadezhdaVasilyevna,35483,"SHKOLKINA, Nadezhda Vasilyevna",100.0,1
42196,BASHKIROVAlekseiVladimirovich,42196,"BASHKIROV, Aleksei Vladimirovich",100.0,1
45765,NAUCHNOPROIZVODSTVENNOEOBYEDINENIEPROMODEL,45765,NAUCHNO PROIZVODSTVENNOE OBYEDINENIE PROMODEL,100.0,1
47934,VNIGRIUGOLAO,47934,VNIGRIUGOL AO,100.0,1
49902,SHAMSGOLDTRADINGFZE,49902,SHAMS GOLD TRADING FZE,100.0,1
33115,FARAHANIAlirezaShahvaroghi,33115,"FARAHANI, Alireza Shahvaroghi",100.0,1
17818,PEREZURDANETAManuelEduardo,17818,"PEREZ URDANETA, Manuel Eduardo",100.0,1
29543,LINZuoyou,29543,"LIN, Zuoyou",100.0,1
29405,ISMAILSamer,29405,"ISMAIL, Samer",100.0,1
33151,SUEXOTCSRO,33151,"SUEX OTC, S.R.O.",100.0,1
34439,DARALSALAMFORTRAVELTOURISM,34439,DAR AL SALAM FOR TRAVEL & TOURISM,100.0,1
35516,SOLOVEVSergeyAnatolevich,35516,"SOLOVEV, Sergey Anatolevich",100.0,1
27884,OPTIMAFREIGHTOY,27884,OPTIMA FREIGHT OY,100.0,1
20149,ZEGARRAMARTINEZGuillermoJeanPierre,20149,"ZEGARRA MARTINEZ, Guillermo Jean Pierre",100.0,1
30782,SAJDEHMajid,30782,"SAJDEH, Majid",100.0,1
26941,PAKPOURMohammad,26941,"PAKPOUR, Mohammad",100.0,1
21906,SAFTALIGhassan,21906,"SAFTALI, Ghassan",100.0,1
13366,ESPARRAGOZAGASTELUMNadiaPatricia,13366,"ESPARRAGOZA GASTELUM, Nadia Patricia",100.0,1
18250,MORGANADDITIVESMANUFACTURINGCO,18250,MORGAN ADDITIVES MANUFACTURING CO.,100.0,1
37783,PEREVERZEVATatianaViktorovna,37783,"PEREVERZEVA, Tatiana Viktorovna",100.0,1
48711,CORALTRADINGEST,48711,CORAL TRADING EST,100.0,1
44721,SILKWAYLIMITEDLIABILITYCOMPANY,44721,SILKWAY LIMITED LIABILITY COMPANY,100.0,1
49543,ALIKHANOVDmitriiVladimirovich,49543,"ALIKHANOV, Dmitrii Vladimirovich",100.0,1
47903,SEVEROVOSTOCHNOEPGOAO,47903,SEVERO VOSTOCHNOE PGO AO,100.0,1
48952,CHENTing,48952,"CHEN, Ting",100.0,1
37313,DAVANKOVVladislavAndreyevich,37313,"DAVANKOV, Vladislav Andreyevich",100.0,1
7205,BOUCHOUCHAMokhtar,7205,"BOUCHOUCHA, Mokhtar",100.0,1
45718,CHANGZHOUUTEKCOMPOSITECOMPANYLTD,45718,CHANGZHOU UTEK COMPOSITE COMPANY LTD,100.0,1
36097,FEDERALSTATEUNITARYENTERPRISEKRONSHTADTSKYYMORSKOYFACTORYMINOBORONYROSSII,36097,FEDERAL STATE UNITARY ENTERPRISE KRONSHTADTSKYY MORSKOY FACTORY MINOBORONY ROSSII,100.0,1
51560,NAUCHNOPROIZVODSTVENNOEPREDPRIYATIEBURENIE,51560,NAUCHNO PROIZVODSTVENNOE PREDPRIYATIE BURENIE,100.0,1
39265,RAPOPORTBorisYakovlevich,39265,"RAPOPORT, Boris Yakovlevich",100.0,1
40192,924THSTATECENTERFORUAVAVIATION,40192,924TH STATE CENTER FOR UAV AVIATION,100.0,1
11391,NZEYIMANAStanislas,11391,"NZEYIMANA, Stanislas",100.0,1
52750,YEMENKUWAITBANKFORTRADEANDINVESTMENTYSC,52750,YEMEN KUWAIT BANK FOR TRADE AND INVESTMENT Y.S.C,100.0,1
45785,GEORGIOUGeorgios,45785,"GEORGIOU, Georgios",100.0,1
8330,ALMAJIDHusseinKamelHassan,8330,"AL-MAJID, Hussein Kamel Hassan",100.0,1
45253,DOMINIONNIKOLSKILLC,45253,DOMINION NIKOLSKI LLC,100.0,1
40978,TRESTROSSPETSENERGOMONTAZHOOO,40978,TREST ROSSPETSENERGOMONTAZH OOO,100.0,1
13013,FORTIABAJASURSADECV,13013,"FORTIA BAJA SUR, S.A. DE C.V.",100.0,1
51199,BADRTimur,51199,"BADR, Timur",100.0,1
43226,SARKISOVRuslanEduardovich,43226,"SARKISOV, Ruslan Eduardovich",100.0,1
21923,ALAZBAHHana,21923,"AL-'AZBAH, Hana",100.0,1
49499,BEIJINGDEEPCOOLINDUSTRIESCOLTD,49499,BEIJING DEEPCOOL INDUSTRIES CO LTD,100.0,1
40177,FEDERALSTATEUNITARYENTERPRISESCIENTIFICANDPRODUCTIONENTERPRISEGAMMA,40177,FEDERAL STATE UNITARY ENTERPRISE SCIENTIFIC AND PRODUCTION ENTERPRISE GAMMA,100.0,1
25688,WTMARINEPTELTD,25688,WT MARINE PTE LTD,100.0,1
46445,NAUCHNOPROIZVODSTVENNOEPREDPRIYATIEISTOCHNIK,46445,NAUCHNO PROIZVODSTVENNOE PREDPRIYATIE ISTOCHNIK,100.0,1
22286,KIMSuKwang,22286,"KIM, Su-Kwang",100.0,1
35839,MUSAAbdurrahmanAdo,35839,"MUSA, Abdurrahman Ado",100.0,1
39666,AVAPETROLEUMSERVICESSA,39666,AVA PETROLEUM SERVICES S.A.,100.0,1
37767,KOGOGINSergeiAnatolyevich,37767,"KOGOGIN, Sergei Anatolyevich",100.0,1
15520,ALHARBIAdelRadiSaqrAlWahabi,15520,"AL-HARBI, Adel Radi Saqr Al-Wahabi",100.0,1
6823,PATINOFOMEQUEVictorJulio,6823,"PATINO FOMEQUE, Victor Julio",100.0,1
25851,PACIFICOCEANSHIPPINGLIMITED,25851,PACIFIC OCEAN SHIPPING LIMITED,100.0,1
25047,ZANJANACIDPRODUCTIONCOMPANY,25047,ZANJAN ACID PRODUCTION COMPANY,100.0,1
43138,UNIVERSALNYMORSKOIPORTINDIGALIMITEDLIABILITYCOMPANY,43138,UNIVERSALNY MORSKOI PORT INDIGA LIMITED LIABILITY COMPANY,100.0,1
23763,CHANGANSHIPPINGTECHNOLOGY,23763,CHANG AN SHIPPING & TECHNOLOGY,100.0,1
46041,LIMITEDLIABILITYCOMPANYKSKLTD,46041,LIMITED LIABILITY COMPANY KSK LTD,100.0,1
15854,TFMCTHEFOODMANAGEMENTCORPORATIONLTD,15854,T.F.M.C. THE FOOD MANAGEMENT CORPORATION LTD,100.0,1
52225,LIMITEDLIABILITYCOMPANYCHEYNCHIP,52225,LIMITED LIABILITY COMPANY CHEYNCHIP,100.0,1
47989,OOOSTANDARDLINE,47989,OOO STANDARD LINE,100.0,1
28530,SHAHEDPHARM,28530,SHAHED PHARM,100.0,1
21563,FARHATMuhammadAbdalAmir,21563,"FARHAT, Muhammad 'Abd-al-Amir",100.0,1
37263,MORENOOROZCOOscarEnrique,37263,"MORENO OROZCO, Oscar Enrique",100.0,1
6944,ALSHARIFSadAbdullahHussein,6944,"AL-SHARIF, Sa'd Abdullah Hussein",100.0,1
21334,AUTONOMOUSNONCOMMERCIALORGANIZATIONPROFESSIONALASSOCIATIONOFDESIGNERSOFDATAPROCESSINGSYSTEMS,21334,AUTONOMOUS NONCOMMERCIAL ORGANIZATION PROFESSIONAL ASSOCIATION OF DESIGNERS OF DATA PROCESSING SYSTEMS,100.0,1
47388,REDSOFT,47388,RED SOFT,100.0,1
43859,LLCALTRABETA,43859,LLC ALTRABETA,100.0,1
35703,PLOTNIKOVVladimirNikolayevich,35703,"PLOTNIKOV, Vladimir Nikolayevich",100.0,1
23253,KARLOVGennadyVyacheslavovich,23253,"KARLOV, Gennady Vyacheslavovich",100.0,1
51731,PUBLICJOINTSTOCKCOMPANYMETKOMBANK,51731,PUBLIC JOINT STOCK COMPANY METKOMBANK,100.0,1
46470,PUBLICHNOEAKTSIONERNOEOBSCHESTVOCITY,46470,PUBLICHNOE AKTSIONERNOE OBSCHESTVO CITY,100.0,1
23923,ABDIAbdifatahAbubakar,23923,"ABDI, Abdifatah Abubakar",100.0,1
47853,LIMITEDLIABILITYCOMPANYGEYSERGOLD,47853,LIMITED LIABILITY COMPANY GEYSER GOLD,100.0,1
45729,KOBOLTTRADINGFZLLC,45729,KOBOLT TRADING FZ LLC,100.0,1
22016,BUNDUQJIRana,22016,"BUNDUQJI, Rana",100.0,1
51801,JOINTSTOCKCOMPANYCOALMETBANK,51801,JOINT STOCK COMPANY COALMETBANK,100.0,1
46525,OBSHCHESTVOSOGRANICHENNOIOTVETSTVENNOSTYUSTIRER,46525,OBSHCHESTVO S OGRANICHENNOI OTVETSTVENNOSTYU STIRER,100.0,1
49702,HERMEXINTERNATIONALCORP,49702,HERMEX INTERNATIONAL CORP.,100.0,1
52636,LIMITEDLIABILITYCOMPANYSCIENTIFICANDPRODUCTIONCENTERSKADA,52636,LIMITED LIABILITY COMPANY SCIENTIFIC AND PRODUCTION CENTER SKADA,100.0,1
12629,GADDAFISaadi,12629,"GADDAFI, Saadi",100.0,1
12753,NYAKINIYWANaimaMohamed,12753,"NYAKINIYWA, Naima Mohamed",100.0,1
34596,KIRIYENKOVladimirSergeevich,34596,"KIRIYENKO, Vladimir Sergeevich",100.0,1
